# Blender 5.0.1
# www.blender.org
mtllib avatar.mtl
o RightLeg
v -1.000000 -1.150000 0.350000
v -0.850000 -1.150000 0.500000
v -0.850000 -1.000000 0.350000
v -0.956066 -1.150000 0.456066
v -0.936602 -1.063398 0.436603
v -0.850000 -1.043934 0.456066
v -0.956066 -1.043934 0.350000
v -1.000000 -1.150000 -0.350000
v -0.850000 -1.000000 -0.350000
v -0.850000 -1.150000 -0.500000
v -0.956066 -1.043934 -0.350000
v -0.936602 -1.063397 -0.436602
v -0.850000 -1.043934 -0.456066
v -0.956066 -1.150000 -0.456066
v -0.000000 -1.150000 -0.349999
v -0.150000 -1.150000 -0.499999
v -0.150000 -1.000000 -0.349999
v -0.043934 -1.150000 -0.456065
v -0.063398 -1.063397 -0.436601
v -0.150000 -1.043934 -0.456065
v -0.043934 -1.043934 -0.349999
v -0.000001 -1.150000 0.350001
v -0.150001 -1.000000 0.350001
v -0.150001 -1.150000 0.500001
v -0.043935 -1.043934 0.350001
v -0.063398 -1.063398 0.436604
v -0.150001 -1.043934 0.456067
v -0.043935 -1.150000 0.456067
v -0.150000 -2.850000 -0.500000
v 0.000000 -2.850000 -0.350000
v -0.150000 -3.000000 -0.350000
v -0.043934 -2.850000 -0.456066
v -0.063398 -2.936603 -0.436603
v -0.043934 -2.956066 -0.350000
v -0.150000 -2.956066 -0.456066
v -0.000000 -2.850000 0.350000
v -0.150000 -2.850000 0.500000
v -0.150000 -3.000000 0.350000
v -0.043934 -2.850000 0.456066
v -0.063398 -2.936603 0.436602
v -0.150000 -2.956066 0.456066
v -0.043934 -2.956066 0.350000
v -0.850000 -2.850000 0.500000
v -1.000000 -2.850000 0.350000
v -0.850000 -3.000000 0.350000
v -0.956066 -2.850000 0.456066
v -0.936602 -2.936603 0.436602
v -0.956066 -2.956066 0.350000
v -0.850000 -2.956066 0.456066
v -0.850000 -2.850000 -0.500000
v -0.850000 -3.000000 -0.350000
v -1.000000 -2.850000 -0.350000
v -0.850000 -2.956066 -0.456066
v -0.936602 -2.936603 -0.436603
v -0.956066 -2.956066 -0.350000
v -0.956066 -2.850000 -0.456066
vn 0.1794 -0.1794 0.9673
vn 0.1794 0.1794 0.9673
vn -0.1794 0.1794 0.9673
vn -0.1794 -0.1794 0.9673
vn -0.1794 -0.1794 -0.9673
vn -0.1794 0.1794 -0.9673
vn 0.1794 0.1794 -0.9673
vn 0.1794 -0.1794 -0.9673
vn 0.9673 -0.1794 -0.1794
vn 0.9673 0.1794 -0.1794
vn 0.9673 0.1794 0.1794
vn 0.9673 -0.1794 0.1794
vn 0.1794 -0.9673 -0.1794
vn 0.1794 -0.9673 0.1794
vn -0.1794 -0.9673 0.1794
vn -0.1794 -0.9673 -0.1794
vn 0.1794 0.9673 -0.1794
vn -0.1794 0.9673 -0.1794
vn -0.1794 0.9673 0.1794
vn 0.1794 0.9673 0.1794
vn -0.9673 0.1794 0.1794
vn -0.6965 0.1726 0.6965
vn -0.5774 0.5774 0.5774
vn -0.6965 0.6965 0.1726
vn -0.1726 0.6965 0.6965
vn -0.9673 0.1794 -0.1794
vn -0.6965 0.6965 -0.1726
vn -0.5773 0.5774 -0.5774
vn -0.6965 0.1726 -0.6965
vn -0.1726 0.6965 -0.6965
vn 0.6965 0.1726 -0.6965
vn 0.5774 0.5774 -0.5773
vn 0.6965 0.6965 -0.1726
vn 0.1726 0.6965 -0.6965
vn 0.6965 0.6965 0.1726
vn 0.5773 0.5774 0.5774
vn 0.6965 0.1726 0.6965
vn 0.1726 0.6965 0.6965
vn 0.6965 -0.1726 -0.6965
vn 0.5774 -0.5773 -0.5774
vn 0.1726 -0.6965 -0.6965
vn 0.6965 -0.6965 -0.1726
vn 0.6965 -0.1726 0.6965
vn 0.5774 -0.5774 0.5774
vn 0.6965 -0.6965 0.1726
vn 0.1726 -0.6965 0.6965
vn -0.6965 -0.1726 0.6965
vn -0.5774 -0.5774 0.5774
vn -0.1726 -0.6965 0.6965
vn -0.9673 -0.1794 0.1794
vn -0.6965 -0.6965 0.1726
vn -0.1726 -0.6965 -0.6965
vn -0.5774 -0.5774 -0.5774
vn -0.6965 -0.1726 -0.6965
vn -0.6965 -0.6965 -0.1726
vn -0.9673 -0.1794 -0.1794
vt 0.449130 0.153958
vt 0.449130 0.338630
vt 0.373088 0.338630
vt 0.373088 0.153958
vt 0.147556 0.154879
vt 0.147556 0.337686
vt 0.222829 0.337686
vt 0.222829 0.154879
vt 0.109935 0.154797
vt 0.109934 0.337793
vt 0.034583 0.337793
vt 0.034583 0.154797
vt 0.450004 0.038884
vt 0.450004 0.116644
vt 0.372244 0.116644
vt 0.372244 0.038884
vt 0.448920 0.452637
vt 0.373290 0.452638
vt 0.373290 0.377008
vt 0.448919 0.377008
vt 0.335937 0.338057
vt 0.352127 0.338057
vt 0.352127 0.347404
vt 0.335937 0.354247
vt 0.373088 0.354925
vt 0.363681 0.354925
vt 0.356794 0.338630
vt 0.357083 0.377008
vt 0.357083 0.367651
vt 0.373290 0.360801
vt 0.260383 0.338057
vt 0.260383 0.354247
vt 0.251036 0.354247
vt 0.244193 0.338057
vt 0.373290 0.468845
vt 0.363933 0.468845
vt 0.357083 0.452638
vt 0.131426 0.337686
vt 0.131426 0.346998
vt 0.147556 0.353816
vt 0.126081 0.337793
vt 0.126081 0.347115
vt 0.109934 0.353940
vt 0.222829 0.353816
vt 0.232142 0.353816
vt 0.238959 0.337686
vt 0.465126 0.452637
vt 0.465127 0.461994
vt 0.448920 0.468844
vt 0.034583 0.353940
vt 0.025260 0.353940
vt 0.018436 0.337793
vt 0.448919 0.360801
vt 0.458276 0.360801
vt 0.465126 0.377008
vt 0.465424 0.338630
vt 0.465424 0.348038
vt 0.449130 0.354925
vt 0.238959 0.154879
vt 0.238959 0.145566
vt 0.222829 0.138749
vt 0.109935 0.138650
vt 0.119257 0.138650
vt 0.126081 0.154797
vt 0.450004 0.022221
vt 0.459624 0.022221
vt 0.466667 0.038884
vt 0.018437 0.154797
vt 0.018437 0.145475
vt 0.034583 0.138650
vt 0.449130 0.137663
vt 0.458537 0.137663
vt 0.465424 0.153958
vt 0.466667 0.116644
vt 0.466667 0.126264
vt 0.450004 0.133307
vt 0.356794 0.153958
vt 0.356794 0.144550
vt 0.373088 0.137663
vt 0.335937 0.154570
vt 0.335937 0.138380
vt 0.345284 0.138380
vt 0.352127 0.154570
vt 0.372244 0.133307
vt 0.362624 0.133307
vt 0.355581 0.116644
vt 0.147556 0.138749
vt 0.138243 0.138749
vt 0.131426 0.154879
vt 0.355581 0.038884
vt 0.355581 0.029264
vt 0.372244 0.022221
vt 0.260383 0.154571
vt 0.244193 0.154571
vt 0.244193 0.145223
vt 0.260383 0.138380
s 1
usemtl RightLeg
f 37/1/1 24/2/2 2/3/3 43/4/4
f 50/5/5 10/6/6 16/7/7 29/8/8
f 30/9/9 15/10/10 22/11/11 36/12/12
f 31/13/13 38/14/14 45/15/15 51/16/16
f 17/17/17 9/18/18 3/19/19 23/20/20
f 1/21/21 4/22/22 5/23/23 7/24/24
f 2/3/3 6/25/25 5/26/23 4/27/22
f 3/19/19 7/28/24 5/29/23 6/30/25
f 8/31/26 11/32/27 12/33/28 14/34/29
f 9/18/18 13/35/30 12/36/28 11/37/27
f 10/6/6 14/38/29 12/39/28 13/40/30
f 15/10/10 18/41/31 19/42/32 21/43/33
f 16/7/7 20/44/34 19/45/32 18/46/31
f 17/17/17 21/47/33 19/48/32 20/49/34
f 22/11/11 25/50/35 26/51/36 28/52/37
f 23/20/20 27/53/38 26/54/36 25/55/35
f 24/2/2 28/56/37 26/57/36 27/58/38
f 29/8/8 32/59/39 33/60/40 35/61/41
f 30/9/9 34/62/42 33/63/40 32/64/39
f 31/13/13 35/65/41 33/66/40 34/67/42
f 36/12/12 39/68/43 40/69/44 42/70/45
f 37/1/1 41/71/46 40/72/44 39/73/43
f 38/14/14 42/74/45 40/75/44 41/76/46
f 43/4/4 46/77/47 47/78/48 49/79/49
f 44/80/50 48/81/51 47/82/48 46/83/47
f 45/15/15 49/84/49 47/85/48 48/86/51
f 50/5/5 53/87/52 54/88/53 56/89/54
f 51/16/16 55/90/55 54/91/53 53/92/52
f 52/93/56 56/94/54 54/95/53 55/96/55
f 3/19/19 9/18/18 11/37/27 7/28/24
f 7/24/24 11/32/27 8/31/26 1/21/21
f 17/17/17 23/20/20 25/55/35 21/47/33
f 21/43/33 25/50/35 22/11/11 15/10/10
f 9/18/18 17/17/17 20/49/34 13/35/30
f 13/40/30 20/44/34 16/7/7 10/6/6
f 2/3/3 24/2/2 27/58/38 6/25/25
f 6/30/25 27/53/38 23/20/20 3/19/19
f 31/13/13 51/16/16 53/92/52 35/65/41
f 35/61/41 53/87/52 50/5/5 29/8/8
f 30/9/9 36/12/12 42/70/45 34/62/42
f 34/67/42 42/74/45 38/14/14 31/13/13
f 37/1/1 43/4/4 49/79/49 41/71/46
f 41/76/46 49/84/49 45/15/15 38/14/14
f 44/80/50 52/93/56 55/96/55 48/81/51
f 48/86/51 55/90/55 51/16/16 45/15/15
f 24/2/2 37/1/1 39/73/43 28/56/37
f 28/52/37 39/68/43 36/12/12 22/11/11
f 1/21/21 44/80/50 46/83/47 4/22/22
f 4/27/22 46/77/47 43/4/4 2/3/3
f 15/10/10 30/9/9 32/64/39 18/41/31
f 18/46/31 32/59/39 29/8/8 16/7/7
f 10/6/6 50/5/5 56/89/54 14/38/29
f 14/34/29 56/94/54 52/93/56 8/31/26
f 44/80/50 1/21/21 8/31/26 52/93/56
o Head
v 0.000000 0.990540 -0.306045
v 0.000000 1.277821 -0.560909
v 0.000000 1.077693 -0.478582
v 0.000000 2.177198 -0.305157
v 0.000000 1.896711 -0.560909
v 0.000000 2.096839 -0.478582
v 0.059706 0.990540 -0.300164
v 0.109428 1.277821 -0.550131
v 0.093367 1.077693 -0.469386
v 0.059533 2.177198 -0.299294
v 0.109428 1.896711 -0.550131
v 0.093367 2.096839 -0.469386
v 0.117118 0.990540 -0.282749
v 0.214651 1.277821 -0.518212
v 0.183145 1.077693 -0.442152
v 0.116779 2.177199 -0.281928
v 0.214651 1.896711 -0.518213
v 0.183145 2.096839 -0.442152
v 0.170029 0.990540 -0.254467
v 0.311624 1.277821 -0.466379
v 0.265886 1.077693 -0.397926
v 0.169536 2.177199 -0.253729
v 0.311624 1.896711 -0.466379
v 0.265886 2.096839 -0.397926
v 0.216406 0.990540 -0.216406
v 0.396623 1.277821 -0.396623
v 0.338408 1.077693 -0.338408
v 0.215779 2.177199 -0.215779
v 0.396623 1.896711 -0.396623
v 0.338408 2.096839 -0.338409
v 0.254467 0.990540 -0.170029
v 0.466379 1.277821 -0.311624
v 0.397926 1.077693 -0.265886
v 0.253729 2.177199 -0.169536
v 0.466379 1.896711 -0.311624
v 0.397926 2.096839 -0.265886
v 0.282749 0.990540 -0.117118
v 0.518213 1.277821 -0.214651
v 0.442152 1.077693 -0.183145
v 0.281928 2.177199 -0.116779
v 0.518212 1.896711 -0.214651
v 0.442152 2.096839 -0.183145
v 0.300164 0.990540 -0.059706
v 0.550131 1.277821 -0.109428
v 0.469386 1.077693 -0.093367
v 0.299293 2.177199 -0.059533
v 0.550131 1.896711 -0.109428
v 0.469386 2.096839 -0.093367
v 0.306045 0.990540 0.000000
v 0.560909 1.277821 0.000000
v 0.478582 1.077693 0.000000
v 0.305157 2.177199 -0.000000
v 0.560909 1.896711 -0.000000
v 0.478582 2.096839 -0.000000
v 0.300164 0.990540 0.059706
v 0.550131 1.277821 0.109428
v 0.469386 1.077693 0.093367
v 0.299293 2.177199 0.059533
v 0.550131 1.896711 0.109428
v 0.469386 2.096839 0.093367
v 0.282749 0.990540 0.117118
v 0.518213 1.277821 0.214651
v 0.442152 1.077693 0.183145
v 0.281928 2.177199 0.116778
v 0.518213 1.896711 0.214651
v 0.442152 2.096839 0.183145
v 0.254467 0.990540 0.170029
v 0.466379 1.277821 0.311624
v 0.397926 1.077693 0.265886
v 0.253729 2.177199 0.169536
v 0.466379 1.896711 0.311624
v 0.397926 2.096839 0.265886
v 0.216406 0.990540 0.216407
v 0.396623 1.277821 0.396623
v 0.338409 1.077693 0.338409
v 0.215779 2.177199 0.215778
v 0.396623 1.896711 0.396623
v 0.338408 2.096839 0.338408
v 0.170029 0.990540 0.254467
v 0.311624 1.277822 0.466379
v 0.265886 1.077693 0.397926
v 0.169536 2.177199 0.253729
v 0.311624 1.896711 0.466379
v 0.265886 2.096839 0.397926
v 0.117118 0.990540 0.282749
v 0.214651 1.277822 0.518213
v 0.183145 1.077693 0.442152
v 0.116779 2.177199 0.281928
v 0.214651 1.896711 0.518212
v 0.183145 2.096839 0.442152
v 0.059706 0.990540 0.300164
v 0.109428 1.277822 0.550132
v 0.093367 1.077693 0.469386
v 0.059533 2.177199 0.299293
v 0.109428 1.896711 0.550131
v 0.093367 2.096839 0.469386
v -0.000000 0.990540 0.306045
v -0.000000 1.277822 0.560909
v -0.000000 1.077693 0.478582
v -0.000000 2.177199 0.305157
v -0.000000 1.896711 0.560909
v -0.000000 2.096839 0.478582
v -0.059706 0.990540 0.300164
v -0.109428 1.277822 0.550131
v -0.093367 1.077693 0.469386
v -0.059533 2.177199 0.299293
v -0.109428 1.896711 0.550131
v -0.093367 2.096839 0.469386
v -0.117118 0.990540 0.282749
v -0.214651 1.277822 0.518212
v -0.183146 1.077693 0.442152
v -0.116779 2.177199 0.281928
v -0.214651 1.896711 0.518212
v -0.183146 2.096839 0.442152
v -0.170030 0.990540 0.254467
v -0.311625 1.277822 0.466379
v -0.265886 1.077693 0.397926
v -0.169536 2.177199 0.253729
v -0.311625 1.896711 0.466379
v -0.265886 2.096839 0.397926
v -0.216407 0.990540 0.216406
v -0.396623 1.277821 0.396623
v -0.338409 1.077693 0.338408
v -0.215779 2.177199 0.215778
v -0.396623 1.896711 0.396622
v -0.338409 2.096839 0.338408
v -0.254467 0.990540 0.170029
v -0.466379 1.277821 0.311624
v -0.397926 1.077693 0.265886
v -0.253729 2.177199 0.169536
v -0.466379 1.896711 0.311624
v -0.397926 2.096839 0.265886
v -0.282749 0.990540 0.117118
v -0.518213 1.277821 0.214650
v -0.442152 1.077693 0.183145
v -0.281928 2.177199 0.116778
v -0.518213 1.896711 0.214650
v -0.442152 2.096839 0.183145
v -0.300164 0.990540 0.059706
v -0.550132 1.277821 0.109428
v -0.469386 1.077693 0.093366
v -0.299294 2.177199 0.059533
v -0.550132 1.896711 0.109427
v -0.469386 2.096839 0.093366
v -0.306045 0.990540 -0.000000
v -0.560909 1.277821 -0.000000
v -0.478582 1.077693 -0.000000
v -0.305157 2.177199 -0.000000
v -0.560909 1.896711 -0.000001
v -0.478582 2.096839 -0.000001
v -0.300164 0.990540 -0.059707
v -0.550131 1.277821 -0.109428
v -0.469386 1.077693 -0.093367
v -0.299293 2.177199 -0.059534
v -0.550131 1.896711 -0.109429
v -0.469386 2.096839 -0.093367
v -0.282749 0.990540 -0.117118
v -0.518212 1.277821 -0.214651
v -0.442152 1.077693 -0.183146
v -0.281928 2.177199 -0.116779
v -0.518212 1.896711 -0.214651
v -0.442152 2.096839 -0.183146
v -0.254467 0.990540 -0.170030
v -0.466379 1.277821 -0.311625
v -0.397926 1.077693 -0.265886
v -0.253729 2.177199 -0.169537
v -0.466379 1.896711 -0.311625
v -0.397926 2.096839 -0.265886
v -0.216406 0.990540 -0.216407
v -0.396622 1.277821 -0.396623
v -0.338408 1.077693 -0.338409
v -0.215778 2.177198 -0.215779
v -0.396622 1.896711 -0.396623
v -0.338408 2.096839 -0.338409
v -0.170029 0.990540 -0.254467
v -0.311624 1.277821 -0.466379
v -0.265885 1.077693 -0.397927
v -0.169536 2.177198 -0.253729
v -0.311624 1.896711 -0.466379
v -0.265885 2.096839 -0.397927
v -0.117118 0.990540 -0.282749
v -0.214650 1.277821 -0.518213
v -0.183145 1.077693 -0.442152
v -0.116778 2.177198 -0.281929
v -0.214650 1.896711 -0.518213
v -0.183145 2.096839 -0.442152
v -0.059706 0.990540 -0.300164
v -0.109427 1.277821 -0.550132
v -0.093366 1.077693 -0.469386
v -0.059533 2.177198 -0.299294
v -0.109427 1.896711 -0.550132
v -0.093366 2.096839 -0.469386
v 0.026096 0.976953 -0.131195
v 0.000000 0.976953 -0.133766
v 0.051190 0.976953 -0.123583
v 0.074316 0.976953 -0.111222
v 0.094587 0.976953 -0.094587
v 0.111222 0.976953 -0.074316
v 0.123583 0.976953 -0.051190
v 0.131195 0.976953 -0.026096
v 0.133766 0.976953 0.000000
v 0.131195 0.976953 0.026096
v 0.123583 0.976953 0.051190
v 0.111222 0.976953 0.074316
v 0.094587 0.976953 0.094587
v 0.074316 0.976953 0.111222
v 0.051190 0.976953 0.123583
v 0.026096 0.976953 0.131195
v 0.000000 0.976953 0.133766
v -0.026096 0.976953 0.131195
v -0.051190 0.976953 0.123583
v -0.074316 0.976953 0.111222
v -0.094587 0.976953 0.094587
v -0.111222 0.976953 0.074316
v -0.123583 0.976953 0.051190
v -0.131195 0.976953 0.026096
v -0.133766 0.976953 -0.000000
v -0.131195 0.976953 -0.026096
v -0.123583 0.976953 -0.051190
v -0.111222 0.976953 -0.074316
v -0.094586 0.976953 -0.094587
v -0.074316 0.976953 -0.111222
v -0.051190 0.976953 -0.123583
v -0.026096 0.976953 -0.131195
v 0.000000 1.587266 -0.573744
v 0.111932 1.587266 -0.562720
v -0.111931 1.587266 -0.562720
v 0.219562 1.587266 -0.530071
v 0.318755 1.587266 -0.477051
v 0.405699 1.587266 -0.405698
v 0.477051 1.587266 -0.318755
v 0.530071 1.587266 -0.219562
v 0.562720 1.587266 -0.111932
v 0.573744 1.587266 -0.000000
v 0.562720 1.587266 0.111932
v 0.530071 1.587266 0.219562
v 0.477051 1.587266 0.318755
v 0.405698 1.587266 0.405699
v 0.318755 1.587266 0.477051
v 0.219562 1.587266 0.530071
v 0.111932 1.587266 0.562720
v -0.000000 1.587266 0.573744
v -0.111932 1.587266 0.562720
v -0.219563 1.587266 0.530071
v -0.318756 1.587266 0.477051
v -0.405699 1.587266 0.405698
v -0.477051 1.587266 0.318755
v -0.530071 1.587266 0.219562
v -0.562720 1.587266 0.111931
v -0.573744 1.587266 -0.000001
v -0.562720 1.587266 -0.111933
v -0.530070 1.587266 -0.219563
v -0.477051 1.587266 -0.318756
v -0.405698 1.587266 -0.405699
v -0.318755 1.587266 -0.477051
v -0.219562 1.587266 -0.530071
v 0.000000 1.162104 -0.531365
v 0.054979 1.277821 -0.558206
v 0.103664 1.162104 -0.521155
v 0.046909 1.077693 -0.476275
v 0.000000 1.021816 -0.400908
v 0.078213 1.021816 -0.393205
v 0.029997 0.990540 -0.304570
v 0.103664 2.012428 -0.521156
v 0.054979 1.896711 -0.558206
v 0.000000 2.012428 -0.531366
v 0.046909 2.096839 -0.476276
v 0.077874 2.151836 -0.391499
v 0.000000 2.151836 -0.399169
v 0.026034 2.181665 -0.264324
v 0.162823 1.277821 -0.536754
v 0.203345 1.162104 -0.490918
v 0.138924 1.077693 -0.457972
v 0.153421 1.021816 -0.370391
v 0.088840 0.990540 -0.292865
v 0.203345 2.012428 -0.490918
v 0.162823 1.896711 -0.536755
v 0.138924 2.096839 -0.457973
v 0.152755 2.151836 -0.368784
v 0.077101 2.181665 -0.254166
v 0.264410 1.277821 -0.494676
v 0.295211 1.162104 -0.441814
v 0.225601 1.077693 -0.422070
v 0.222733 1.021816 -0.333343
v 0.144268 0.990540 -0.269906
v 0.295211 2.012428 -0.441814
v 0.264410 1.896711 -0.494676
v 0.225601 2.096839 -0.422070
v 0.221766 2.151836 -0.331897
v 0.125205 2.181665 -0.234241
v 0.355836 1.277821 -0.433587
v 0.375732 1.162104 -0.375732
v 0.303608 1.077693 -0.369947
v 0.283485 1.021816 -0.283485
v 0.194152 0.990540 -0.236575
v 0.375732 2.012428 -0.375732
v 0.355836 1.896711 -0.433587
v 0.303608 2.096839 -0.369947
v 0.282255 2.151836 -0.282255
v 0.168497 2.181665 -0.205314
v 0.433587 1.277821 -0.355836
v 0.441814 1.162104 -0.295211
v 0.369947 1.077693 -0.303608
v 0.333343 1.021816 -0.222733
v 0.236575 0.990540 -0.194152
v 0.441814 2.012428 -0.295211
v 0.433587 1.896711 -0.355836
v 0.369947 2.096839 -0.303608
v 0.331897 2.151836 -0.221766
v 0.205314 2.181665 -0.168497
v 0.494676 1.277821 -0.264410
v 0.490918 1.162104 -0.203345
v 0.422070 1.077693 -0.225601
v 0.370391 1.021816 -0.153421
v 0.269906 0.990540 -0.144268
v 0.490918 2.012428 -0.203345
v 0.494676 1.896711 -0.264410
v 0.422070 2.096839 -0.225601
v 0.368784 2.151836 -0.152755
v 0.234241 2.181665 -0.125205
v 0.536754 1.277821 -0.162823
v 0.521156 1.162104 -0.103664
v 0.457972 1.077693 -0.138924
v 0.393205 1.021816 -0.078213
v 0.292866 0.990540 -0.088840
v 0.521156 2.012428 -0.103664
v 0.536754 1.896711 -0.162823
v 0.457972 2.096839 -0.138925
v 0.391499 2.151836 -0.077874
v 0.254166 2.181665 -0.077101
v 0.558206 1.277821 -0.054978
v 0.531366 1.162104 0.000000
v 0.476276 1.077693 -0.046909
v 0.400908 1.021816 0.000000
v 0.304570 0.990540 -0.029997
v 0.531366 2.012428 -0.000000
v 0.558206 1.896711 -0.054979
v 0.476276 2.096839 -0.046909
v 0.399169 2.151836 -0.000000
v 0.264324 2.181665 -0.026034
v 0.558206 1.277821 0.054979
v 0.521156 1.162105 0.103664
v 0.476276 1.077693 0.046909
v 0.393205 1.021816 0.078213
v 0.304570 0.990540 0.029998
v 0.521156 2.012428 0.103664
v 0.558206 1.896711 0.054978
v 0.476276 2.096839 0.046909
v 0.391499 2.151836 0.077874
v 0.264324 2.181665 0.026034
v 0.536755 1.277821 0.162823
v 0.490918 1.162105 0.203345
v 0.457973 1.077693 0.138924
v 0.370391 1.021816 0.153421
v 0.292866 0.990540 0.088840
v 0.490918 2.012428 0.203345
v 0.536755 1.896711 0.162823
v 0.457972 2.096839 0.138924
v 0.368784 2.151836 0.152755
v 0.254166 2.181665 0.077100
v 0.494676 1.277821 0.264410
v 0.441814 1.162105 0.295211
v 0.422070 1.077693 0.225601
v 0.333343 1.021816 0.222733
v 0.269906 0.990540 0.144268
v 0.441814 2.012428 0.295211
v 0.494676 1.896711 0.264410
v 0.422070 2.096839 0.225601
v 0.331897 2.151836 0.221766
v 0.234241 2.181665 0.125204
v 0.433587 1.277821 0.355836
v 0.375732 1.162105 0.375732
v 0.369947 1.077693 0.303608
v 0.283485 1.021816 0.283485
v 0.236575 0.990540 0.194152
v 0.375732 2.012428 0.375732
v 0.433587 1.896711 0.355836
v 0.369947 2.096839 0.303608
v 0.282255 2.151836 0.282255
v 0.205314 2.181665 0.168497
v 0.355836 1.277821 0.433587
v 0.295211 1.162105 0.441814
v 0.303608 1.077693 0.369947
v 0.222733 1.021816 0.333343
v 0.194152 0.990540 0.236575
v 0.295211 2.012428 0.441814
v 0.355836 1.896711 0.433587
v 0.303608 2.096839 0.369947
v 0.221766 2.151836 0.331897
v 0.168497 2.181665 0.205314
v 0.264410 1.277822 0.494676
v 0.203345 1.162105 0.490918
v 0.225601 1.077693 0.422070
v 0.153421 1.021816 0.370391
v 0.144268 0.990540 0.269907
v 0.203345 2.012428 0.490918
v 0.264410 1.896711 0.494676
v 0.225601 2.096839 0.422070
v 0.152755 2.151836 0.368784
v 0.125204 2.181665 0.234241
v 0.162823 1.277822 0.536755
v 0.103664 1.162105 0.521156
v 0.138924 1.077693 0.457973
v 0.078213 1.021816 0.393205
v 0.088840 0.990540 0.292866
v 0.103664 2.012428 0.521156
v 0.162823 1.896711 0.536755
v 0.138924 2.096839 0.457972
v 0.077874 2.151836 0.391499
v 0.077101 2.181665 0.254166
v 0.054978 1.277822 0.558206
v -0.000000 1.162105 0.531366
v 0.046909 1.077693 0.476276
v -0.000000 1.021816 0.400908
v 0.029997 0.990540 0.304570
v -0.000000 2.012428 0.531366
v 0.054978 1.896711 0.558206
v 0.046909 2.096839 0.476276
v -0.000000 2.151836 0.399169
v 0.026034 2.181665 0.264324
v -0.054979 1.277822 0.558206
v -0.103664 1.162105 0.521156
v -0.046909 1.077693 0.476276
v -0.078213 1.021816 0.393205
v -0.029998 0.990540 0.304570
v -0.103664 2.012428 0.521155
v -0.054979 1.896711 0.558206
v -0.046909 2.096839 0.476275
v -0.077874 2.151836 0.391499
v -0.026034 2.181665 0.264324
v -0.162823 1.277822 0.536755
v -0.203345 1.162105 0.490918
v -0.138925 1.077693 0.457973
v -0.153421 1.021816 0.370391
v -0.088840 0.990540 0.292866
v -0.203345 2.012428 0.490918
v -0.162823 1.896711 0.536754
v -0.138925 2.096839 0.457972
v -0.152755 2.151836 0.368784
v -0.077101 2.181665 0.254166
v -0.264410 1.277822 0.494676
v -0.295211 1.162105 0.441814
v -0.225601 1.077693 0.422070
v -0.222733 1.021816 0.333343
v -0.144268 0.990540 0.269906
v -0.295211 2.012428 0.441814
v -0.264410 1.896711 0.494676
v -0.225601 2.096839 0.422070
v -0.221766 2.151836 0.331896
v -0.125205 2.181665 0.234241
v -0.355836 1.277821 0.433587
v -0.375732 1.162105 0.375732
v -0.303608 1.077693 0.369947
v -0.283485 1.021816 0.283485
v -0.194152 0.990540 0.236575
v -0.375732 2.012428 0.375732
v -0.355836 1.896711 0.433587
v -0.303608 2.096839 0.369947
v -0.282255 2.151836 0.282255
v -0.168497 2.181665 0.205314
v -0.433587 1.277821 0.355835
v -0.441815 1.162105 0.295211
v -0.369948 1.077693 0.303608
v -0.333343 1.021816 0.222733
v -0.236575 0.990540 0.194152
v -0.441815 2.012428 0.295211
v -0.433587 1.896711 0.355835
v -0.369948 2.096839 0.303608
v -0.331897 2.151836 0.221766
v -0.205314 2.181665 0.168497
v -0.494676 1.277821 0.264409
v -0.490918 1.162105 0.203344
v -0.422070 1.077693 0.225601
v -0.370391 1.021816 0.153421
v -0.269907 0.990540 0.144268
v -0.490918 2.012428 0.203344
v -0.494676 1.896711 0.264409
v -0.422070 2.096839 0.225601
v -0.368784 2.151836 0.152755
v -0.234241 2.181665 0.125204
v -0.536755 1.277821 0.162822
v -0.521156 1.162105 0.103664
v -0.457973 1.077693 0.138924
v -0.393205 1.021816 0.078213
v -0.292866 0.990540 0.088840
v -0.521156 2.012428 0.103664
v -0.536755 1.896711 0.162822
v -0.457973 2.096839 0.138924
v -0.391499 2.151836 0.077873
v -0.254166 2.181665 0.077100
v -0.558206 1.277821 0.054978
v -0.531366 1.162104 -0.000000
v -0.476276 1.077693 0.046909
v -0.400908 1.021816 -0.000000
v -0.304570 0.990540 0.029997
v -0.531366 2.012428 -0.000001
v -0.558206 1.896711 0.054978
v -0.476276 2.096839 0.046909
v -0.399169 2.151836 -0.000000
v -0.264324 2.181665 0.026033
v -0.558206 1.277821 -0.054979
v -0.521155 1.162104 -0.103665
v -0.476276 1.077693 -0.046909
v -0.393205 1.021816 -0.078214
v -0.304570 0.990540 -0.029998
v -0.521155 2.012428 -0.103665
v -0.558206 1.896711 -0.054979
v -0.476276 2.096839 -0.046910
v -0.391499 2.151836 -0.077874
v -0.264324 2.181665 -0.026034
v -0.536754 1.277821 -0.162823
v -0.490918 1.162104 -0.203345
v -0.457972 1.077693 -0.138925
v -0.370391 1.021816 -0.153421
v -0.292866 0.990540 -0.088840
v -0.490918 2.012428 -0.203345
v -0.536754 1.896711 -0.162823
v -0.457972 2.096839 -0.138925
v -0.368784 2.151836 -0.152756
v -0.254166 2.181665 -0.077101
v -0.494676 1.277821 -0.264410
v -0.441814 1.162104 -0.295211
v -0.422070 1.077693 -0.225601
v -0.333343 1.021816 -0.222733
v -0.269906 0.990540 -0.144268
v -0.441814 2.012428 -0.295212
v -0.494676 1.896711 -0.264410
v -0.422070 2.096839 -0.225602
v -0.331896 2.151836 -0.221767
v -0.234241 2.181665 -0.125205
v -0.433587 1.277821 -0.355836
v -0.375732 1.162104 -0.375733
v -0.369947 1.077693 -0.303608
v -0.283485 1.021816 -0.283485
v -0.236575 0.990540 -0.194152
v -0.375732 2.012428 -0.375733
v -0.433587 1.896711 -0.355836
v -0.369947 2.096839 -0.303609
v -0.282255 2.151836 -0.282255
v -0.205314 2.181665 -0.168497
v -0.355835 1.277821 -0.433587
v -0.295210 1.162104 -0.441815
v -0.303608 1.077693 -0.369948
v -0.222732 1.021816 -0.333343
v -0.194152 0.990540 -0.236575
v -0.295210 2.012428 -0.441815
v -0.355835 1.896711 -0.433588
v -0.303607 2.096839 -0.369948
v -0.221766 2.151836 -0.331897
v -0.168497 2.181665 -0.205314
v -0.264409 1.277821 -0.494676
v -0.203344 1.162104 -0.490918
v -0.225600 1.077693 -0.422070
v -0.153420 1.021816 -0.370391
v -0.144268 0.990540 -0.269907
v -0.203344 2.012428 -0.490918
v -0.264409 1.896711 -0.494676
v -0.225600 2.096839 -0.422070
v -0.152755 2.151836 -0.368784
v -0.125204 2.181665 -0.234241
v -0.162822 1.277821 -0.536755
v -0.103664 1.162104 -0.521156
v -0.138924 1.077693 -0.457973
v -0.078213 1.021816 -0.393205
v -0.088839 0.990540 -0.292866
v -0.103664 2.012428 -0.521156
v -0.162822 1.896711 -0.536755
v -0.138924 2.096839 -0.457973
v -0.077873 2.151836 -0.391499
v -0.077100 2.181665 -0.254167
v -0.054978 1.277821 -0.558206
v -0.046909 1.077693 -0.476276
v -0.029997 0.990540 -0.304570
v -0.054978 1.896711 -0.558206
v -0.046909 2.096839 -0.476276
v -0.026033 2.181665 -0.264324
v 0.000000 1.750436 -0.572140
v 0.111619 1.424097 -0.561146
v -0.111618 1.750436 -0.561147
v 0.218948 1.424097 -0.528588
v 0.317864 1.424097 -0.475717
v 0.404564 1.424097 -0.404564
v 0.475717 1.424097 -0.317864
v 0.528588 1.424097 -0.218948
v 0.561146 1.424097 -0.111619
v 0.572140 1.424097 -0.000000
v 0.561147 1.424097 0.111619
v 0.528588 1.424097 0.218948
v 0.475717 1.424097 0.317864
v 0.404564 1.424097 0.404564
v 0.317864 1.424097 0.475717
v 0.218948 1.424097 0.528588
v 0.111619 1.424097 0.561146
v -0.000000 1.424097 0.572140
v -0.111619 1.424097 0.561146
v -0.218949 1.424097 0.528588
v -0.317864 1.424097 0.475717
v -0.404564 1.424097 0.404564
v -0.475717 1.424097 0.317864
v -0.528589 1.424097 0.218948
v -0.561146 1.424097 0.111619
v -0.572140 1.424097 -0.000001
v -0.561146 1.424097 -0.111620
v -0.528588 1.424097 -0.218949
v -0.475717 1.424097 -0.317864
v -0.404564 1.424097 -0.404564
v -0.317863 1.424097 -0.475717
v -0.218948 1.424097 -0.528589
v 0.011065 0.976952 -0.112341
v 0.032769 0.976952 -0.108024
v 0.053214 0.976952 -0.099556
v 0.071613 0.976952 -0.087261
v 0.087261 0.976952 -0.071613
v 0.099556 0.976952 -0.053214
v 0.108024 0.976952 -0.032769
v 0.112341 0.976952 -0.011065
v 0.112341 0.976952 0.011065
v 0.108024 0.976952 0.032769
v 0.099556 0.976952 0.053214
v 0.087261 0.976952 0.071613
v 0.071613 0.976953 0.087261
v 0.053214 0.976953 0.099556
v 0.032769 0.976953 0.108024
v 0.011065 0.976953 0.112341
v -0.011065 0.976953 0.112341
v -0.032769 0.976953 0.108024
v -0.053214 0.976953 0.099556
v -0.071613 0.976953 0.087261
v -0.087261 0.976953 0.071613
v -0.099556 0.976953 0.053214
v -0.108024 0.976953 0.032769
v -0.112341 0.976953 0.011065
v -0.112341 0.976953 -0.011065
v -0.108024 0.976953 -0.032769
v -0.099556 0.976953 -0.053214
v -0.087261 0.976953 -0.071614
v -0.071613 0.976953 -0.087261
v -0.053213 0.976953 -0.099556
v -0.032769 0.976952 -0.108024
v -0.011065 0.976953 -0.112341
v -0.040422 0.978651 -0.203215
v -0.079290 0.978651 -0.191425
v -0.172277 0.978651 -0.115112
v -0.191425 0.978651 -0.079291
v -0.203215 0.978651 0.040422
v -0.191425 0.978651 0.079291
v -0.115112 0.978651 0.172278
v -0.079291 0.978651 0.191425
v 0.040422 0.978651 0.203215
v 0.079291 0.978651 0.191425
v 0.172278 0.978651 0.115112
v 0.191425 0.978651 0.079291
v 0.203215 0.978651 -0.040422
v 0.191425 0.978651 -0.079291
v 0.115112 0.978651 -0.172278
v 0.079291 0.978651 -0.191425
v -0.115112 0.978651 -0.172278
v -0.203215 0.978651 -0.040422
v -0.172278 0.978651 0.115112
v -0.040422 0.978651 0.203215
v 0.115112 0.978651 0.172278
v 0.203215 0.978651 0.040422
v 0.172278 0.978651 -0.115112
v 0.040422 0.978651 -0.203215
v 0.000000 0.978651 -0.207197
v -0.146510 0.978651 -0.146510
v -0.207197 0.978651 -0.000000
v -0.146510 0.978651 0.146510
v -0.000000 0.978651 0.207197
v 0.146510 0.978651 0.146510
v 0.207197 0.978651 0.000000
v 0.146510 0.978651 -0.146510
v 0.000000 1.424097 -0.572140
v 0.111619 1.750436 -0.561146
v -0.111618 1.424097 -0.561147
v 0.218948 1.750436 -0.528588
v 0.317864 1.750436 -0.475717
v 0.404564 1.750436 -0.404564
v 0.475717 1.750436 -0.317864
v 0.528588 1.750436 -0.218949
v 0.561146 1.750436 -0.111619
v 0.572140 1.750436 -0.000000
v 0.561146 1.750436 0.111619
v 0.528588 1.750436 0.218948
v 0.475717 1.750436 0.317864
v 0.404564 1.750436 0.404564
v 0.317864 1.750436 0.475717
v 0.218948 1.750436 0.528589
v 0.111619 1.750436 0.561146
v -0.000000 1.750436 0.572140
v -0.111619 1.750436 0.561146
v -0.218949 1.750436 0.528588
v -0.317864 1.750436 0.475717
v -0.404564 1.750436 0.404564
v -0.475717 1.750436 0.317864
v -0.528589 1.750436 0.218948
v -0.561146 1.750436 0.111618
v -0.572140 1.750436 -0.000001
v -0.561146 1.750436 -0.111620
v -0.528588 1.750436 -0.218949
v -0.475717 1.750436 -0.317865
v -0.404564 1.750436 -0.404565
v -0.317863 1.750436 -0.475717
v -0.218948 1.750436 -0.528589
v 0.056237 1.587266 -0.570979
v 0.166549 1.587266 -0.549037
v -0.166548 1.587266 -0.549037
v -0.270459 1.587266 -0.505996
v -0.363978 1.587266 -0.443509
v -0.443508 1.587266 -0.363979
v -0.505995 1.587266 -0.270461
v -0.549037 1.587266 -0.166549
v -0.570979 1.587266 -0.056237
v -0.570979 1.587266 0.056236
v -0.549037 1.587266 0.166548
v -0.505996 1.587266 0.270460
v -0.443509 1.587266 0.363978
v -0.363978 1.587266 0.443508
v -0.270460 1.587266 0.505995
v -0.166549 1.587266 0.549037
v -0.056237 1.587266 0.570979
v 0.056236 1.587266 0.570979
v 0.166548 1.587266 0.549037
v 0.270460 1.587266 0.505995
v 0.363978 1.587266 0.443509
v 0.443509 1.587266 0.363978
v 0.505995 1.587266 0.270460
v 0.549037 1.587266 0.166548
v 0.570979 1.587266 0.056237
v 0.570979 1.587266 -0.056237
v 0.549037 1.587266 -0.166549
v 0.505995 1.587266 -0.270460
v 0.443509 1.587266 -0.363978
v 0.363978 1.587266 -0.443509
v 0.270460 1.587266 -0.505995
v -0.056236 1.587266 -0.570979
v -0.056079 1.750436 -0.569383
v 0.269704 1.750436 -0.504580
v 0.362960 1.750436 -0.442268
v 0.442268 1.750436 -0.362960
v 0.504580 1.750436 -0.269704
v 0.547502 1.750436 -0.166083
v 0.569383 1.750436 -0.056079
v 0.569383 1.750436 0.056079
v 0.547502 1.750436 0.166083
v 0.504580 1.750436 0.269704
v 0.442268 1.750436 0.362960
v 0.362960 1.750436 0.442268
v 0.269704 1.750436 0.504580
v 0.166083 1.750436 0.547502
v 0.056079 1.750436 0.569383
v -0.056080 1.750436 0.569383
v -0.166083 1.750436 0.547502
v -0.269704 1.750436 0.504580
v -0.362961 1.750436 0.442268
v -0.442269 1.750436 0.362960
v -0.504581 1.750436 0.269703
v -0.547502 1.750436 0.166082
v -0.569383 1.750436 0.056079
v -0.569383 1.750436 -0.056080
v -0.547501 1.750436 -0.166083
v -0.504580 1.750436 -0.269704
v -0.442268 1.750436 -0.362961
v -0.362960 1.750436 -0.442269
v -0.269703 1.750436 -0.504581
v -0.166082 1.750436 -0.547502
v 0.000000 2.195989 -0.000000
v 0.166083 1.750436 -0.547502
v 0.052083 1.162104 -0.528805
v 0.039296 1.021816 -0.398976
v 0.052083 2.012428 -0.528805
v 0.038793 2.152277 -0.393874
v 0.154247 1.162104 -0.508483
v 0.116377 1.021816 -0.383644
v 0.154247 2.012428 -0.508483
v 0.114889 2.152277 -0.378738
v 0.250483 1.162104 -0.468621
v 0.188986 1.021816 -0.353568
v 0.250483 2.012428 -0.468621
v 0.186569 2.152277 -0.349047
v 0.337093 1.162104 -0.410749
v 0.254333 1.021816 -0.309905
v 0.337093 2.012428 -0.410750
v 0.251080 2.152277 -0.305942
v 0.410749 1.162104 -0.337093
v 0.309905 1.021816 -0.254332
v 0.410750 2.012428 -0.337094
v 0.305942 2.152277 -0.251080
v 0.468621 1.162104 -0.250483
v 0.353568 1.021816 -0.188986
v 0.468621 2.012428 -0.250483
v 0.349047 2.152277 -0.186570
v 0.508483 1.162104 -0.154247
v 0.383644 1.021816 -0.116377
v 0.508483 2.012428 -0.154247
v 0.378738 2.152277 -0.114889
v 0.528805 1.162104 -0.052083
v 0.398976 1.021816 -0.039296
v 0.528805 2.012428 -0.052083
v 0.393874 2.152277 -0.038793
v 0.528805 1.162104 0.052083
v 0.398976 1.021816 0.039296
v 0.528805 2.012428 0.052083
v 0.393874 2.152277 0.038793
v 0.508483 1.162104 0.154247
v 0.383644 1.021816 0.116377
v 0.508483 2.012428 0.154247
v 0.378738 2.152277 0.114889
v 0.468621 1.162104 0.250483
v 0.353568 1.021816 0.188986
v 0.468621 2.012428 0.250483
v 0.349047 2.152277 0.186569
v 0.410750 1.162105 0.337094
v 0.309905 1.021816 0.254333
v 0.410750 2.012428 0.337093
v 0.305942 2.152277 0.251080
v 0.337093 1.162105 0.410750
v 0.254332 1.021816 0.309905
v 0.337093 2.012428 0.410749
v 0.251080 2.152277 0.305942
v 0.250483 1.162105 0.468621
v 0.188986 1.021816 0.353568
v 0.250483 2.012428 0.468621
v 0.186569 2.152277 0.349047
v 0.154247 1.162105 0.508483
v 0.116377 1.021816 0.383644
v 0.154247 2.012428 0.508483
v 0.114889 2.152277 0.378738
v 0.052083 1.162105 0.528805
v 0.039296 1.021816 0.398976
v 0.052083 2.012428 0.528805
v 0.038793 2.152277 0.393874
v -0.052083 1.162105 0.528805
v -0.039296 1.021816 0.398976
v -0.052083 2.012428 0.528805
v -0.038793 2.152277 0.393874
v -0.154247 1.162105 0.508483
v -0.116377 1.021816 0.383644
v -0.154247 2.012428 0.508483
v -0.114889 2.152277 0.378738
v -0.250483 1.162105 0.468621
v -0.188986 1.021816 0.353568
v -0.250483 2.012428 0.468621
v -0.186570 2.152277 0.349047
v -0.337094 1.162105 0.410749
v -0.254333 1.021816 0.309905
v -0.337094 2.012428 0.410749
v -0.251080 2.152277 0.305942
v -0.410750 1.162105 0.337093
v -0.309905 1.021816 0.254332
v -0.410750 2.012428 0.337093
v -0.305942 2.152277 0.251080
v -0.468621 1.162104 0.250483
v -0.353568 1.021816 0.188986
v -0.468621 2.012428 0.250483
v -0.349047 2.152277 0.186569
v -0.508483 1.162104 0.154246
v -0.383644 1.021816 0.116377
v -0.508483 2.012428 0.154246
v -0.378738 2.152277 0.114889
v -0.528805 1.162104 0.052082
v -0.398976 1.021816 0.039295
v -0.528805 2.012428 0.052082
v -0.393874 2.152277 0.038793
v -0.528805 1.162104 -0.052083
v -0.398976 1.021816 -0.039296
v -0.528805 2.012428 -0.052083
v -0.393874 2.152277 -0.038794
v -0.508483 1.162104 -0.154247
v -0.383644 1.021816 -0.116377
v -0.508483 2.012428 -0.154247
v -0.378738 2.152277 -0.114889
v -0.468620 1.162104 -0.250484
v -0.353568 1.021816 -0.188986
v -0.468621 2.012428 -0.250484
v -0.349047 2.152277 -0.186570
v -0.410749 1.162104 -0.337094
v -0.309905 1.021816 -0.254333
v -0.410749 2.012428 -0.337094
v -0.305942 2.152277 -0.251081
v -0.337093 1.162104 -0.410750
v -0.254332 1.021816 -0.309905
v -0.337093 2.012428 -0.410750
v -0.251080 2.152277 -0.305943
v -0.250482 1.162104 -0.468621
v -0.188986 1.021816 -0.353568
v -0.250482 2.012428 -0.468621
v -0.186569 2.152277 -0.349047
v -0.154246 1.162104 -0.508483
v -0.116376 1.021816 -0.383644
v -0.154246 2.012428 -0.508483
v -0.114888 2.152277 -0.378738
v -0.052082 1.162104 -0.528805
v -0.039295 1.021816 -0.398976
v -0.052082 2.012428 -0.528805
v -0.038793 2.152277 -0.393875
v -0.059593 0.978651 -0.196454
v 0.000000 0.976952 0.000000
v -0.181053 0.978651 -0.096775
v -0.196454 0.978651 0.059593
v -0.096775 0.978651 0.181053
v 0.059594 0.978651 0.196454
v 0.181053 0.978651 0.096775
v 0.196454 0.978651 -0.059593
v 0.096775 0.978651 -0.181053
v -0.096774 0.978651 -0.181053
v -0.196454 0.978651 -0.059594
v -0.181053 0.978651 0.096775
v -0.059594 0.978651 0.196454
v 0.096775 0.978651 0.181053
v 0.196454 0.978651 0.059594
v 0.181053 0.978651 -0.096775
v 0.059594 0.978651 -0.196453
v 0.020122 0.978651 -0.204305
v -0.130237 0.978651 -0.158694
v -0.204305 0.978651 -0.020122
v -0.158694 0.978651 0.130237
v -0.020122 0.978651 0.204305
v 0.130237 0.978651 0.158694
v 0.204305 0.978651 0.020122
v -0.020122 0.978651 -0.204305
v 0.158694 0.978651 -0.130237
v -0.158694 0.978651 -0.130237
v -0.204305 0.978651 0.020122
v -0.130237 0.978651 0.158694
v 0.020122 0.978651 0.204305
v 0.158694 0.978651 0.130237
v 0.204305 0.978651 -0.020122
v 0.130237 0.978651 -0.158694
v 0.056079 1.750436 -0.569383
v 0.056079 1.424097 -0.569383
v 0.166083 1.424097 -0.547502
v -0.166082 1.424097 -0.547502
v -0.269703 1.424097 -0.504581
v -0.362960 1.424097 -0.442269
v -0.442268 1.424097 -0.362961
v -0.504580 1.424097 -0.269704
v -0.547501 1.424097 -0.166083
v -0.569383 1.424097 -0.056080
v -0.569383 1.424097 0.056079
v -0.547502 1.424097 0.166082
v -0.504581 1.424097 0.269704
v -0.442269 1.424097 0.362960
v -0.362961 1.424097 0.442268
v -0.269704 1.424097 0.504580
v -0.166083 1.424097 0.547502
v -0.056080 1.424097 0.569383
v 0.056079 1.424097 0.569383
v 0.166083 1.424097 0.547502
v 0.269704 1.424097 0.504580
v 0.362960 1.424097 0.442268
v 0.442268 1.424097 0.362960
v 0.504580 1.424097 0.269704
v 0.547502 1.424097 0.166083
v 0.569383 1.424097 0.056079
v 0.569383 1.424097 -0.056079
v 0.547502 1.424097 -0.166083
v 0.504580 1.424097 -0.269704
v 0.442268 1.424097 -0.362960
v 0.362960 1.424097 -0.442268
v 0.269704 1.424097 -0.504580
v -0.056079 1.424097 -0.569383
vn -0.1951 -0.0000 -0.9808
vn -0.1949 0.0432 -0.9799
vn -0.0979 0.0432 -0.9943
vn -0.0980 -0.0000 -0.9952
vn -0.1925 0.1620 -0.9678
vn -0.0967 0.1620 -0.9820
vn -0.0000 0.1620 -0.9868
vn -0.0000 0.0432 -0.9991
vn -0.0000 -0.0000 -1.0000
vn 0.3827 -0.0000 -0.9239
vn 0.3823 0.0432 -0.9230
vn 0.4710 0.0432 -0.8811
vn 0.4714 -0.0000 -0.8819
vn 0.3776 0.1620 -0.9117
vn 0.4652 0.1620 -0.8703
vn 0.5482 0.1620 -0.8205
vn 0.5551 0.0432 -0.8307
vn 0.5556 -0.0000 -0.8315
vn 0.6338 0.0432 -0.7723
vn 0.6344 -0.0000 -0.7730
vn 0.6260 0.1620 -0.7628
vn 0.6978 0.1620 -0.6978
vn 0.7064 0.0432 -0.7064
vn 0.7071 -0.0000 -0.7071
vn 0.7723 0.0432 -0.6338
vn 0.7730 -0.0000 -0.6344
vn 0.7628 0.1620 -0.6260
vn 0.8205 0.1620 -0.5482
vn 0.8307 0.0432 -0.5551
vn 0.8315 -0.0000 -0.5556
vn 0.8811 0.0432 -0.4710
vn 0.8819 -0.0000 -0.4714
vn 0.8703 0.1620 -0.4652
vn 0.9117 0.1620 -0.3776
vn 0.9230 0.0432 -0.3823
vn 0.9239 -0.0000 -0.3827
vn 0.9560 0.0432 -0.2900
vn 0.9569 -0.0000 -0.2903
vn 0.9443 0.1620 -0.2865
vn 0.9678 0.1620 -0.1925
vn 0.9799 0.0432 -0.1949
vn 0.9808 -0.0000 -0.1951
vn 0.9943 0.0432 -0.0979
vn 0.9952 -0.0000 -0.0980
vn 0.9820 0.1620 -0.0967
vn 0.9868 0.1620 -0.0000
vn 0.9991 0.0432 -0.0000
vn 1.0000 -0.0000 -0.0000
vn 0.9943 0.0432 0.0979
vn 0.9952 -0.0000 0.0980
vn 0.9820 0.1620 0.0967
vn 0.9678 0.1620 0.1925
vn 0.9799 0.0432 0.1949
vn 0.9808 -0.0000 0.1951
vn 0.9560 0.0432 0.2900
vn 0.9569 -0.0000 0.2903
vn 0.9443 0.1620 0.2865
vn 0.9117 0.1620 0.3776
vn 0.9230 0.0432 0.3823
vn 0.9239 -0.0000 0.3827
vn 0.8811 0.0432 0.4710
vn 0.8819 -0.0000 0.4714
vn 0.8703 0.1620 0.4652
vn 0.8205 0.1620 0.5482
vn 0.8307 0.0432 0.5551
vn 0.8315 -0.0000 0.5556
vn 0.7723 0.0432 0.6338
vn 0.7730 -0.0000 0.6344
vn 0.7628 0.1620 0.6260
vn 0.6978 0.1620 0.6978
vn 0.7064 0.0432 0.7064
vn 0.7071 -0.0000 0.7071
vn 0.6338 0.0432 0.7723
vn 0.6344 -0.0000 0.7730
vn 0.6260 0.1620 0.7628
vn 0.5482 0.1620 0.8205
vn 0.5551 0.0432 0.8307
vn 0.5556 -0.0000 0.8315
vn 0.4710 0.0432 0.8811
vn 0.4714 -0.0000 0.8819
vn 0.4652 0.1620 0.8703
vn 0.3776 0.1620 0.9117
vn 0.3823 0.0432 0.9230
vn 0.3827 -0.0000 0.9239
vn 0.2900 0.0432 0.9560
vn 0.2903 -0.0000 0.9569
vn 0.2865 0.1620 0.9443
vn 0.1925 0.1620 0.9678
vn 0.1949 0.0432 0.9799
vn 0.1951 -0.0000 0.9808
vn 0.0979 0.0432 0.9943
vn 0.0980 -0.0000 0.9952
vn 0.0967 0.1620 0.9820
vn -0.0000 0.1620 0.9868
vn -0.0000 0.0432 0.9991
vn -0.0000 -0.0000 1.0000
vn -0.0979 0.0432 0.9943
vn -0.0980 -0.0000 0.9952
vn -0.0967 0.1620 0.9820
vn -0.1925 0.1620 0.9678
vn -0.1949 0.0432 0.9799
vn -0.1951 -0.0000 0.9808
vn -0.2900 0.0432 0.9560
vn -0.2903 -0.0000 0.9569
vn -0.2865 0.1620 0.9443
vn -0.3776 0.1620 0.9117
vn -0.3823 0.0432 0.9230
vn -0.3827 -0.0000 0.9239
vn -0.4710 0.0432 0.8811
vn -0.4714 -0.0000 0.8819
vn -0.4652 0.1620 0.8703
vn -0.5482 0.1620 0.8205
vn -0.5551 0.0432 0.8307
vn -0.5556 -0.0000 0.8315
vn -0.6338 0.0432 0.7723
vn -0.6344 -0.0000 0.7730
vn -0.6260 0.1620 0.7628
vn -0.6978 0.1620 0.6978
vn -0.7064 0.0432 0.7064
vn -0.7071 -0.0000 0.7071
vn -0.7723 0.0432 0.6338
vn -0.7730 -0.0000 0.6344
vn -0.7628 0.1620 0.6260
vn -0.8205 0.1620 0.5482
vn -0.8307 0.0432 0.5551
vn -0.8315 -0.0000 0.5556
vn -0.8811 0.0432 0.4710
vn -0.8819 -0.0000 0.4714
vn -0.8703 0.1620 0.4652
vn -0.9117 0.1620 0.3776
vn -0.9230 0.0432 0.3823
vn -0.9239 -0.0000 0.3827
vn -0.9560 0.0432 0.2900
vn -0.9569 -0.0000 0.2903
vn -0.9443 0.1620 0.2865
vn -0.9678 0.1620 0.1925
vn -0.9799 0.0432 0.1949
vn -0.9808 -0.0000 0.1951
vn -0.9943 0.0432 0.0979
vn -0.9952 -0.0000 0.0980
vn -0.9820 0.1620 0.0967
vn -0.9868 0.1620 -0.0000
vn -0.9991 0.0432 -0.0000
vn -1.0000 -0.0000 -0.0000
vn -0.9943 0.0432 -0.0979
vn -0.9952 -0.0000 -0.0980
vn -0.9820 0.1620 -0.0967
vn -0.9678 0.1620 -0.1925
vn -0.9799 0.0432 -0.1949
vn -0.9808 -0.0000 -0.1951
vn -0.9560 0.0432 -0.2900
vn -0.9569 -0.0000 -0.2903
vn -0.9443 0.1620 -0.2865
vn -0.9117 0.1620 -0.3776
vn -0.9230 0.0432 -0.3823
vn -0.9239 -0.0000 -0.3827
vn -0.8811 0.0432 -0.4710
vn -0.8819 -0.0000 -0.4714
vn -0.8703 0.1620 -0.4652
vn -0.8205 0.1620 -0.5482
vn -0.8307 0.0432 -0.5551
vn -0.8315 -0.0000 -0.5556
vn -0.7723 0.0432 -0.6338
vn -0.7730 -0.0000 -0.6344
vn -0.7628 0.1620 -0.6260
vn -0.6978 0.1620 -0.6978
vn -0.7064 0.0432 -0.7064
vn -0.7071 -0.0000 -0.7071
vn -0.6338 0.0432 -0.7723
vn -0.6344 -0.0000 -0.7730
vn -0.6260 0.1620 -0.7628
vn -0.5482 0.1620 -0.8205
vn -0.5551 0.0432 -0.8307
vn -0.5556 -0.0000 -0.8315
vn -0.4710 0.0432 -0.8811
vn -0.4714 -0.0000 -0.8819
vn -0.4652 0.1620 -0.8703
vn -0.3776 0.1620 -0.9117
vn -0.3823 0.0432 -0.9230
vn -0.3827 -0.0000 -0.9239
vn -0.2900 0.0432 -0.9560
vn -0.2903 -0.0000 -0.9569
vn -0.2864 0.1620 -0.9443
vn 0.0395 0.9793 -0.1984
vn 0.0098 0.9950 -0.0991
vn -0.0000 1.0000 -0.0000
vn 0.0289 0.9950 -0.0953
vn -0.0000 0.9793 -0.2023
vn -0.0098 0.9950 -0.0991
vn -0.0395 0.9793 -0.1984
vn -0.0289 0.9950 -0.0953
vn -0.0774 0.9793 -0.1869
vn -0.0469 0.9950 -0.0878
vn -0.1124 0.9793 -0.1682
vn -0.0632 0.9950 -0.0770
vn -0.1431 0.9793 -0.1431
vn -0.0770 0.9950 -0.0632
vn -0.1682 0.9793 -0.1124
vn -0.0878 0.9950 -0.0469
vn -0.1869 0.9793 -0.0774
vn -0.0953 0.9950 -0.0289
vn -0.1984 0.9793 -0.0395
vn -0.0991 0.9950 -0.0098
vn -0.2023 0.9793 -0.0000
vn -0.0991 0.9950 0.0098
vn -0.1984 0.9793 0.0395
vn -0.0953 0.9950 0.0289
vn -0.1869 0.9793 0.0774
vn -0.0878 0.9950 0.0469
vn -0.1682 0.9793 0.1124
vn -0.0770 0.9950 0.0632
vn -0.1431 0.9793 0.1431
vn -0.0632 0.9950 0.0770
vn -0.1124 0.9793 0.1682
vn -0.0469 0.9950 0.0878
vn -0.0774 0.9793 0.1869
vn -0.0289 0.9950 0.0953
vn -0.0395 0.9793 0.1984
vn -0.0098 0.9950 0.0991
vn -0.0000 0.9793 0.2023
vn 0.0098 0.9950 0.0991
vn 0.0395 0.9793 0.1984
vn 0.0289 0.9950 0.0953
vn 0.0774 0.9793 0.1869
vn 0.0469 0.9950 0.0878
vn 0.1124 0.9793 0.1682
vn 0.0632 0.9950 0.0770
vn 0.1431 0.9793 0.1431
vn 0.0770 0.9950 0.0632
vn 0.1682 0.9793 0.1124
vn 0.0878 0.9950 0.0469
vn 0.1869 0.9793 0.0774
vn 0.0953 0.9950 0.0289
vn 0.1984 0.9793 0.0395
vn 0.0991 0.9950 0.0098
vn 0.2023 0.9793 -0.0000
vn 0.0991 0.9950 -0.0098
vn 0.1984 0.9793 -0.0395
vn 0.0953 0.9950 -0.0289
vn 0.1869 0.9793 -0.0774
vn 0.0878 0.9950 -0.0469
vn 0.1682 0.9793 -0.1124
vn 0.0770 0.9950 -0.0632
vn 0.1431 0.9793 -0.1431
vn 0.0632 0.9950 -0.0770
vn 0.1124 0.9793 -0.1682
vn 0.0469 0.9950 -0.0878
vn 0.0774 0.9793 -0.1869
vn 0.1951 -0.0000 -0.9808
vn 0.1949 0.0432 -0.9799
vn 0.2900 0.0432 -0.9560
vn 0.2903 -0.0000 -0.9569
vn 0.1925 0.1620 -0.9678
vn 0.2865 0.1620 -0.9443
vn -0.0000 -0.1620 -0.9868
vn 0.0967 -0.1620 -0.9820
vn 0.0902 -0.3908 -0.9161
vn -0.0000 -0.3908 -0.9205
vn 0.1925 -0.1620 -0.9678
vn 0.1796 -0.3908 -0.9028
vn 0.1432 -0.6792 -0.7198
vn 0.0719 -0.6792 -0.7304
vn -0.0000 -0.6792 -0.7339
vn 0.0449 -0.8887 -0.4563
vn -0.0000 -0.8887 -0.4585
vn 0.0894 -0.8887 -0.4497
vn 0.0429 -0.9755 -0.2156
vn 0.0216 -0.9755 -0.2190
vn -0.0000 -0.9755 -0.2199
vn 0.0967 0.1620 -0.9820
vn 0.0902 0.3908 -0.9161
vn 0.1796 0.3908 -0.9028
vn -0.0000 0.3908 -0.9205
vn -0.0000 0.6885 -0.7253
vn 0.0711 0.6880 -0.7222
vn 0.1415 0.6885 -0.7113
vn 0.0398 0.9140 -0.4037
vn 0.0817 0.9080 -0.4110
vn -0.0000 0.9080 -0.4190
vn 0.2865 -0.1620 -0.9443
vn 0.2672 -0.3908 -0.8809
vn 0.3776 -0.1620 -0.9117
vn 0.3523 -0.3908 -0.8504
vn 0.2809 -0.6792 -0.6780
vn 0.2130 -0.6792 -0.7023
vn 0.1331 -0.8887 -0.4388
vn 0.1755 -0.8887 -0.4236
vn 0.0841 -0.9755 -0.2031
vn 0.0639 -0.9755 -0.2106
vn 0.2672 0.3908 -0.8809
vn 0.3523 0.3908 -0.8504
vn 0.2107 0.6880 -0.6944
vn 0.2775 0.6885 -0.6701
vn 0.1177 0.9140 -0.3882
vn 0.1604 0.9080 -0.3871
vn 0.4652 -0.1620 -0.8703
vn 0.4339 -0.3908 -0.8118
vn 0.5482 -0.1620 -0.8205
vn 0.5114 -0.3908 -0.7654
vn 0.4077 -0.6792 -0.6102
vn 0.3460 -0.6792 -0.6472
vn 0.2161 -0.8887 -0.4044
vn 0.2547 -0.8887 -0.3812
vn 0.1222 -0.9755 -0.1828
vn 0.1037 -0.9755 -0.1941
vn 0.4339 0.3908 -0.8118
vn 0.5114 0.3908 -0.7654
vn 0.3421 0.6880 -0.6400
vn 0.4029 0.6885 -0.6030
vn 0.1912 0.9140 -0.3577
vn 0.2328 0.9080 -0.3484
vn 0.6260 -0.1620 -0.7628
vn 0.5840 -0.3908 -0.7116
vn 0.6978 -0.1620 -0.6978
vn 0.6509 -0.3908 -0.6509
vn 0.5190 -0.6792 -0.5190
vn 0.4656 -0.6792 -0.5673
vn 0.2909 -0.8887 -0.3544
vn 0.3242 -0.8887 -0.3242
vn 0.1555 -0.9755 -0.1555
vn 0.1396 -0.9755 -0.1701
vn 0.5840 0.3908 -0.7116
vn 0.6509 0.3908 -0.6509
vn 0.4604 0.6880 -0.5610
vn 0.5128 0.6885 -0.5128
vn 0.2573 0.9140 -0.3136
vn 0.2963 0.9080 -0.2963
vn 0.7628 -0.1620 -0.6260
vn 0.7116 -0.3908 -0.5840
vn 0.8205 -0.1620 -0.5482
vn 0.7654 -0.3908 -0.5114
vn 0.6102 -0.6792 -0.4077
vn 0.5673 -0.6792 -0.4656
vn 0.3544 -0.8887 -0.2909
vn 0.3812 -0.8887 -0.2547
vn 0.1828 -0.9755 -0.1222
vn 0.1701 -0.9755 -0.1396
vn 0.7116 0.3908 -0.5840
vn 0.7654 0.3908 -0.5114
vn 0.5610 0.6880 -0.4604
vn 0.6030 0.6885 -0.4029
vn 0.3136 0.9140 -0.2573
vn 0.3484 0.9080 -0.2328
vn 0.8703 -0.1620 -0.4652
vn 0.8118 -0.3908 -0.4339
vn 0.9117 -0.1620 -0.3776
vn 0.8504 -0.3908 -0.3523
vn 0.6780 -0.6792 -0.2809
vn 0.6472 -0.6792 -0.3460
vn 0.4044 -0.8887 -0.2161
vn 0.4236 -0.8887 -0.1755
vn 0.2031 -0.9755 -0.0841
vn 0.1941 -0.9755 -0.1037
vn 0.8118 0.3908 -0.4339
vn 0.8504 0.3908 -0.3523
vn 0.6400 0.6880 -0.3421
vn 0.6701 0.6885 -0.2775
vn 0.3577 0.9140 -0.1912
vn 0.3871 0.9080 -0.1604
vn 0.9443 -0.1620 -0.2865
vn 0.8809 -0.3908 -0.2672
vn 0.9678 -0.1620 -0.1925
vn 0.9028 -0.3908 -0.1796
vn 0.7198 -0.6792 -0.1432
vn 0.7023 -0.6792 -0.2130
vn 0.4388 -0.8887 -0.1331
vn 0.4497 -0.8887 -0.0894
vn 0.2156 -0.9755 -0.0429
vn 0.2106 -0.9755 -0.0639
vn 0.8809 0.3908 -0.2672
vn 0.9028 0.3908 -0.1796
vn 0.6944 0.6880 -0.2107
vn 0.7113 0.6885 -0.1415
vn 0.3882 0.9140 -0.1177
vn 0.4110 0.9080 -0.0817
vn 0.9820 -0.1620 -0.0967
vn 0.9161 -0.3908 -0.0902
vn 0.9868 -0.1620 -0.0000
vn 0.9205 -0.3908 -0.0000
vn 0.7339 -0.6792 -0.0000
vn 0.7304 -0.6792 -0.0719
vn 0.4563 -0.8887 -0.0449
vn 0.4585 -0.8887 -0.0000
vn 0.2199 -0.9755 -0.0000
vn 0.2190 -0.9755 -0.0216
vn 0.9161 0.3908 -0.0902
vn 0.9205 0.3908 -0.0000
vn 0.7222 0.6880 -0.0711
vn 0.7253 0.6885 -0.0000
vn 0.4037 0.9140 -0.0398
vn 0.4190 0.9080 -0.0000
vn 0.9820 -0.1620 0.0967
vn 0.9161 -0.3908 0.0902
vn 0.9678 -0.1620 0.1925
vn 0.9028 -0.3908 0.1796
vn 0.7198 -0.6792 0.1432
vn 0.7304 -0.6792 0.0719
vn 0.4563 -0.8887 0.0449
vn 0.4497 -0.8887 0.0895
vn 0.2156 -0.9755 0.0429
vn 0.2190 -0.9755 0.0216
vn 0.9161 0.3908 0.0902
vn 0.9028 0.3908 0.1796
vn 0.7222 0.6880 0.0711
vn 0.7113 0.6885 0.1415
vn 0.4037 0.9140 0.0398
vn 0.4110 0.9080 0.0817
vn 0.9443 -0.1620 0.2865
vn 0.8809 -0.3908 0.2672
vn 0.9117 -0.1620 0.3776
vn 0.8504 -0.3908 0.3523
vn 0.6780 -0.6792 0.2809
vn 0.7023 -0.6792 0.2130
vn 0.4388 -0.8887 0.1331
vn 0.4236 -0.8887 0.1755
vn 0.2031 -0.9755 0.0841
vn 0.2106 -0.9755 0.0639
vn 0.8809 0.3908 0.2672
vn 0.8504 0.3908 0.3523
vn 0.6944 0.6880 0.2107
vn 0.6701 0.6885 0.2775
vn 0.3882 0.9140 0.1177
vn 0.3871 0.9080 0.1604
vn 0.8703 -0.1620 0.4652
vn 0.8118 -0.3908 0.4339
vn 0.8205 -0.1620 0.5482
vn 0.7654 -0.3908 0.5114
vn 0.6102 -0.6792 0.4077
vn 0.6472 -0.6792 0.3460
vn 0.4044 -0.8887 0.2161
vn 0.3812 -0.8887 0.2547
vn 0.1828 -0.9755 0.1222
vn 0.1941 -0.9755 0.1037
vn 0.8118 0.3908 0.4339
vn 0.7654 0.3908 0.5114
vn 0.6400 0.6880 0.3421
vn 0.6030 0.6885 0.4029
vn 0.3577 0.9140 0.1912
vn 0.3484 0.9080 0.2328
vn 0.7628 -0.1620 0.6260
vn 0.7116 -0.3908 0.5840
vn 0.6978 -0.1620 0.6978
vn 0.6509 -0.3908 0.6509
vn 0.5190 -0.6792 0.5190
vn 0.5673 -0.6792 0.4656
vn 0.3544 -0.8887 0.2909
vn 0.3242 -0.8887 0.3242
vn 0.1555 -0.9755 0.1555
vn 0.1701 -0.9755 0.1396
vn 0.7116 0.3908 0.5840
vn 0.6509 0.3908 0.6509
vn 0.5610 0.6880 0.4604
vn 0.5128 0.6885 0.5128
vn 0.3136 0.9140 0.2573
vn 0.2963 0.9080 0.2963
vn 0.6260 -0.1620 0.7628
vn 0.5840 -0.3908 0.7116
vn 0.5482 -0.1620 0.8205
vn 0.5114 -0.3908 0.7654
vn 0.4077 -0.6792 0.6102
vn 0.4656 -0.6792 0.5673
vn 0.2909 -0.8887 0.3544
vn 0.2547 -0.8887 0.3812
vn 0.1222 -0.9755 0.1828
vn 0.1396 -0.9755 0.1701
vn 0.5840 0.3908 0.7116
vn 0.5114 0.3908 0.7654
vn 0.4604 0.6880 0.5610
vn 0.4029 0.6885 0.6030
vn 0.2573 0.9140 0.3136
vn 0.2328 0.9080 0.3484
vn 0.4652 -0.1620 0.8703
vn 0.4339 -0.3908 0.8118
vn 0.3776 -0.1620 0.9117
vn 0.3523 -0.3908 0.8504
vn 0.2809 -0.6792 0.6780
vn 0.3460 -0.6792 0.6472
vn 0.2161 -0.8887 0.4044
vn 0.1755 -0.8887 0.4236
vn 0.0841 -0.9755 0.2031
vn 0.1037 -0.9755 0.1941
vn 0.4339 0.3908 0.8118
vn 0.3523 0.3908 0.8504
vn 0.3421 0.6880 0.6400
vn 0.2775 0.6885 0.6701
vn 0.1912 0.9140 0.3577
vn 0.1604 0.9080 0.3871
vn 0.2865 -0.1620 0.9443
vn 0.2672 -0.3908 0.8809
vn 0.1925 -0.1620 0.9678
vn 0.1796 -0.3908 0.9028
vn 0.1432 -0.6792 0.7198
vn 0.2130 -0.6792 0.7023
vn 0.1331 -0.8887 0.4388
vn 0.0894 -0.8887 0.4497
vn 0.0429 -0.9755 0.2156
vn 0.0639 -0.9755 0.2106
vn 0.2672 0.3908 0.8809
vn 0.1796 0.3908 0.9028
vn 0.2107 0.6880 0.6944
vn 0.1415 0.6885 0.7113
vn 0.1177 0.9140 0.3882
vn 0.0817 0.9080 0.4110
vn 0.0967 -0.1620 0.9820
vn 0.0902 -0.3908 0.9161
vn -0.0000 -0.1620 0.9868
vn -0.0000 -0.3908 0.9205
vn -0.0000 -0.6792 0.7339
vn 0.0719 -0.6792 0.7304
vn 0.0449 -0.8887 0.4563
vn -0.0000 -0.8887 0.4585
vn -0.0000 -0.9755 0.2199
vn 0.0216 -0.9755 0.2190
vn 0.0902 0.3908 0.9161
vn -0.0000 0.3908 0.9205
vn 0.0711 0.6880 0.7222
vn -0.0000 0.6885 0.7253
vn 0.0398 0.9140 0.4037
vn -0.0000 0.9080 0.4190
vn -0.0967 -0.1620 0.9820
vn -0.0902 -0.3908 0.9161
vn -0.1925 -0.1620 0.9678
vn -0.1796 -0.3908 0.9028
vn -0.1432 -0.6792 0.7198
vn -0.0719 -0.6792 0.7304
vn -0.0449 -0.8887 0.4563
vn -0.0895 -0.8887 0.4497
vn -0.0429 -0.9755 0.2156
vn -0.0216 -0.9755 0.2190
vn -0.0902 0.3908 0.9161
vn -0.1796 0.3908 0.9028
vn -0.0711 0.6880 0.7222
vn -0.1415 0.6885 0.7113
vn -0.0398 0.9140 0.4037
vn -0.0817 0.9080 0.4110
vn -0.2865 -0.1620 0.9443
vn -0.2672 -0.3908 0.8809
vn -0.3776 -0.1620 0.9117
vn -0.3523 -0.3908 0.8504
vn -0.2809 -0.6792 0.6780
vn -0.2130 -0.6792 0.7023
vn -0.1331 -0.8887 0.4388
vn -0.1755 -0.8887 0.4236
vn -0.0841 -0.9755 0.2031
vn -0.0639 -0.9755 0.2106
vn -0.2672 0.3908 0.8809
vn -0.3523 0.3908 0.8504
vn -0.2107 0.6880 0.6944
vn -0.2775 0.6885 0.6701
vn -0.1177 0.9140 0.3882
vn -0.1604 0.9080 0.3871
vn -0.4652 -0.1620 0.8703
vn -0.4339 -0.3908 0.8118
vn -0.5482 -0.1620 0.8205
vn -0.5114 -0.3908 0.7654
vn -0.4077 -0.6792 0.6102
vn -0.3460 -0.6792 0.6472
vn -0.2161 -0.8887 0.4044
vn -0.2547 -0.8887 0.3812
vn -0.1222 -0.9755 0.1828
vn -0.1037 -0.9755 0.1941
vn -0.4339 0.3908 0.8118
vn -0.5114 0.3908 0.7654
vn -0.3421 0.6880 0.6400
vn -0.4029 0.6885 0.6030
vn -0.1912 0.9140 0.3577
vn -0.2328 0.9080 0.3484
vn -0.6260 -0.1620 0.7628
vn -0.5840 -0.3908 0.7115
vn -0.6978 -0.1620 0.6978
vn -0.6509 -0.3908 0.6509
vn -0.5190 -0.6792 0.5190
vn -0.4656 -0.6792 0.5673
vn -0.2909 -0.8887 0.3544
vn -0.3242 -0.8887 0.3242
vn -0.1555 -0.9755 0.1555
vn -0.1396 -0.9755 0.1701
vn -0.5840 0.3908 0.7115
vn -0.6509 0.3908 0.6509
vn -0.4604 0.6880 0.5610
vn -0.5128 0.6885 0.5128
vn -0.2573 0.9140 0.3136
vn -0.2963 0.9080 0.2963
vn -0.7628 -0.1620 0.6260
vn -0.7116 -0.3908 0.5840
vn -0.8205 -0.1620 0.5482
vn -0.7654 -0.3908 0.5114
vn -0.6102 -0.6792 0.4077
vn -0.5673 -0.6792 0.4656
vn -0.3544 -0.8887 0.2909
vn -0.3812 -0.8887 0.2547
vn -0.1828 -0.9755 0.1222
vn -0.1701 -0.9755 0.1396
vn -0.7116 0.3908 0.5840
vn -0.7654 0.3908 0.5114
vn -0.5610 0.6880 0.4604
vn -0.6030 0.6885 0.4029
vn -0.3136 0.9140 0.2573
vn -0.3484 0.9080 0.2328
vn -0.8703 -0.1620 0.4652
vn -0.8118 -0.3908 0.4339
vn -0.9117 -0.1620 0.3776
vn -0.8504 -0.3908 0.3523
vn -0.6780 -0.6792 0.2809
vn -0.6472 -0.6792 0.3460
vn -0.4044 -0.8887 0.2161
vn -0.4236 -0.8887 0.1755
vn -0.2031 -0.9755 0.0841
vn -0.1941 -0.9755 0.1037
vn -0.8118 0.3908 0.4339
vn -0.8504 0.3908 0.3523
vn -0.6400 0.6880 0.3421
vn -0.6701 0.6885 0.2775
vn -0.3577 0.9140 0.1912
vn -0.3871 0.9080 0.1604
vn -0.9443 -0.1620 0.2864
vn -0.8809 -0.3908 0.2672
vn -0.9678 -0.1620 0.1925
vn -0.9028 -0.3908 0.1796
vn -0.7198 -0.6792 0.1432
vn -0.7023 -0.6792 0.2130
vn -0.4388 -0.8887 0.1331
vn -0.4497 -0.8887 0.0894
vn -0.2156 -0.9755 0.0429
vn -0.2106 -0.9755 0.0639
vn -0.8809 0.3908 0.2672
vn -0.9028 0.3908 0.1796
vn -0.6944 0.6880 0.2107
vn -0.7113 0.6885 0.1415
vn -0.3882 0.9140 0.1177
vn -0.4110 0.9080 0.0817
vn -0.9820 -0.1620 0.0967
vn -0.9161 -0.3908 0.0902
vn -0.9868 -0.1620 -0.0000
vn -0.9205 -0.3908 -0.0000
vn -0.7339 -0.6792 -0.0000
vn -0.7304 -0.6792 0.0719
vn -0.4563 -0.8887 0.0449
vn -0.4585 -0.8887 -0.0000
vn -0.2199 -0.9755 -0.0000
vn -0.2190 -0.9755 0.0216
vn -0.9161 0.3908 0.0902
vn -0.9205 0.3908 -0.0000
vn -0.7222 0.6880 0.0711
vn -0.7253 0.6885 -0.0000
vn -0.4037 0.9140 0.0398
vn -0.4190 0.9080 -0.0000
vn -0.9820 -0.1620 -0.0967
vn -0.9161 -0.3908 -0.0902
vn -0.9678 -0.1620 -0.1925
vn -0.9028 -0.3908 -0.1796
vn -0.7198 -0.6792 -0.1432
vn -0.7304 -0.6792 -0.0719
vn -0.4563 -0.8887 -0.0449
vn -0.4497 -0.8887 -0.0895
vn -0.2156 -0.9755 -0.0429
vn -0.2190 -0.9755 -0.0216
vn -0.9161 0.3908 -0.0902
vn -0.9028 0.3908 -0.1796
vn -0.7222 0.6880 -0.0711
vn -0.7113 0.6885 -0.1415
vn -0.4037 0.9140 -0.0398
vn -0.4110 0.9080 -0.0817
vn -0.9443 -0.1620 -0.2865
vn -0.8809 -0.3908 -0.2672
vn -0.9117 -0.1620 -0.3776
vn -0.8504 -0.3908 -0.3523
vn -0.6780 -0.6792 -0.2809
vn -0.7023 -0.6792 -0.2130
vn -0.4388 -0.8887 -0.1331
vn -0.4236 -0.8887 -0.1755
vn -0.2031 -0.9755 -0.0841
vn -0.2106 -0.9755 -0.0639
vn -0.8809 0.3908 -0.2672
vn -0.8504 0.3908 -0.3523
vn -0.6944 0.6880 -0.2107
vn -0.6701 0.6885 -0.2775
vn -0.3882 0.9140 -0.1177
vn -0.3871 0.9080 -0.1604
vn -0.8703 -0.1620 -0.4652
vn -0.8118 -0.3908 -0.4339
vn -0.8205 -0.1620 -0.5482
vn -0.7654 -0.3908 -0.5114
vn -0.6102 -0.6792 -0.4077
vn -0.6472 -0.6792 -0.3460
vn -0.4044 -0.8887 -0.2161
vn -0.3812 -0.8887 -0.2547
vn -0.1828 -0.9755 -0.1222
vn -0.1941 -0.9755 -0.1037
vn -0.8118 0.3908 -0.4339
vn -0.7654 0.3908 -0.5114
vn -0.6400 0.6880 -0.3421
vn -0.6030 0.6885 -0.4029
vn -0.3577 0.9140 -0.1912
vn -0.3484 0.9080 -0.2328
vn -0.7628 -0.1620 -0.6260
vn -0.7115 -0.3908 -0.5840
vn -0.6978 -0.1620 -0.6978
vn -0.6509 -0.3908 -0.6509
vn -0.5190 -0.6792 -0.5190
vn -0.5673 -0.6792 -0.4656
vn -0.3544 -0.8887 -0.2909
vn -0.3242 -0.8887 -0.3242
vn -0.1555 -0.9755 -0.1555
vn -0.1701 -0.9755 -0.1396
vn -0.7115 0.3908 -0.5840
vn -0.6509 0.3908 -0.6509
vn -0.5610 0.6880 -0.4604
vn -0.5128 0.6885 -0.5128
vn -0.3136 0.9140 -0.2573
vn -0.2963 0.9080 -0.2963
vn -0.6260 -0.1620 -0.7628
vn -0.5840 -0.3908 -0.7116
vn -0.5482 -0.1620 -0.8205
vn -0.5114 -0.3908 -0.7654
vn -0.4077 -0.6792 -0.6102
vn -0.4656 -0.6792 -0.5673
vn -0.2909 -0.8887 -0.3544
vn -0.2547 -0.8887 -0.3812
vn -0.1222 -0.9755 -0.1828
vn -0.1396 -0.9755 -0.1701
vn -0.5840 0.3908 -0.7116
vn -0.5114 0.3908 -0.7654
vn -0.4604 0.6880 -0.5610
vn -0.4029 0.6885 -0.6030
vn -0.2573 0.9140 -0.3136
vn -0.2328 0.9080 -0.3484
vn -0.4652 -0.1620 -0.8703
vn -0.4339 -0.3908 -0.8118
vn -0.3776 -0.1620 -0.9117
vn -0.3523 -0.3908 -0.8504
vn -0.2809 -0.6792 -0.6780
vn -0.3460 -0.6792 -0.6472
vn -0.2161 -0.8887 -0.4044
vn -0.1755 -0.8887 -0.4236
vn -0.0841 -0.9755 -0.2031
vn -0.1037 -0.9755 -0.1941
vn -0.4339 0.3908 -0.8118
vn -0.3523 0.3908 -0.8504
vn -0.3421 0.6880 -0.6400
vn -0.2775 0.6885 -0.6701
vn -0.1912 0.9140 -0.3577
vn -0.1604 0.9080 -0.3871
vn -0.2864 -0.1620 -0.9443
vn -0.2672 -0.3908 -0.8809
vn -0.1925 -0.1620 -0.9678
vn -0.1796 -0.3908 -0.9028
vn -0.1432 -0.6792 -0.7198
vn -0.2130 -0.6792 -0.7023
vn -0.1331 -0.8887 -0.4388
vn -0.0894 -0.8887 -0.4497
vn -0.0429 -0.9755 -0.2156
vn -0.0639 -0.9755 -0.2106
vn -0.2672 0.3908 -0.8809
vn -0.1796 0.3908 -0.9028
vn -0.2107 0.6880 -0.6944
vn -0.1415 0.6885 -0.7113
vn -0.1177 0.9140 -0.3882
vn -0.0817 0.9080 -0.4110
vn -0.0967 -0.1620 -0.9820
vn -0.0902 -0.3908 -0.9161
vn -0.0719 -0.6792 -0.7304
vn -0.0449 -0.8887 -0.4563
vn -0.0216 -0.9755 -0.2190
vn -0.0902 0.3908 -0.9161
vn -0.0711 0.6880 -0.7222
vn -0.0398 0.9140 -0.4037
vn -0.0199 -0.9976 -0.0656
vn -0.0281 -0.9973 -0.0679
vn -0.0143 -0.9973 -0.0720
vn -0.0033 -0.9999 -0.0164
vn -0.0011 -1.0000 -0.0037
vn -0.0064 -0.9999 -0.0154
vn -0.0000 -0.9999 -0.0167
vn 0.0004 -1.0000 -0.0038
vn -0.0000 -1.0000 -0.0000
vn -0.0004 -1.0000 -0.0038
vn 0.0033 -0.9999 -0.0164
vn 0.0011 -1.0000 -0.0037
vn 0.0064 -0.9999 -0.0154
vn 0.0018 -1.0000 -0.0034
vn 0.0093 -0.9999 -0.0139
vn 0.0025 -1.0000 -0.0030
vn 0.0118 -0.9999 -0.0118
vn 0.0030 -1.0000 -0.0025
vn 0.0139 -0.9999 -0.0093
vn 0.0034 -1.0000 -0.0018
vn 0.0154 -0.9999 -0.0064
vn 0.0037 -1.0000 -0.0011
vn 0.0164 -0.9999 -0.0033
vn 0.0038 -1.0000 -0.0004
vn 0.0167 -0.9999 -0.0000
vn 0.0038 -1.0000 0.0004
vn 0.0164 -0.9999 0.0033
vn 0.0037 -1.0000 0.0011
vn 0.0154 -0.9999 0.0064
vn 0.0034 -1.0000 0.0018
vn 0.0139 -0.9999 0.0093
vn 0.0030 -1.0000 0.0025
vn 0.0118 -0.9999 0.0118
vn 0.0025 -1.0000 0.0030
vn 0.0093 -0.9999 0.0139
vn 0.0018 -1.0000 0.0034
vn 0.0064 -0.9999 0.0154
vn 0.0011 -1.0000 0.0037
vn 0.0033 -0.9999 0.0164
vn 0.0004 -1.0000 0.0038
vn -0.0000 -0.9999 0.0167
vn -0.0004 -1.0000 0.0038
vn -0.0033 -0.9999 0.0164
vn -0.0011 -1.0000 0.0037
vn -0.0064 -0.9999 0.0154
vn -0.0018 -1.0000 0.0034
vn -0.0093 -0.9999 0.0139
vn -0.0025 -1.0000 0.0030
vn -0.0118 -0.9999 0.0118
vn -0.0030 -1.0000 0.0025
vn -0.0139 -0.9999 0.0093
vn -0.0034 -1.0000 0.0018
vn -0.0154 -0.9999 0.0064
vn -0.0037 -1.0000 0.0011
vn -0.0164 -0.9999 0.0033
vn -0.0038 -1.0000 0.0004
vn -0.0167 -0.9999 -0.0000
vn -0.0038 -1.0000 -0.0004
vn -0.0164 -0.9999 -0.0033
vn -0.0037 -1.0000 -0.0011
vn -0.0154 -0.9999 -0.0064
vn -0.0034 -1.0000 -0.0018
vn -0.0139 -0.9999 -0.0093
vn -0.0030 -1.0000 -0.0025
vn -0.0118 -0.9999 -0.0118
vn -0.0025 -1.0000 -0.0030
vn -0.0093 -0.9999 -0.0139
vn -0.0018 -1.0000 -0.0034
vn -0.0604 -0.9976 -0.0323
vn -0.0679 -0.9973 -0.0281
vn -0.0611 -0.9973 -0.0408
vn -0.0656 -0.9976 0.0199
vn -0.0679 -0.9973 0.0281
vn -0.0720 -0.9973 0.0143
vn -0.0323 -0.9976 0.0604
vn -0.0281 -0.9973 0.0679
vn -0.0408 -0.9973 0.0611
vn 0.0199 -0.9976 0.0656
vn 0.0281 -0.9973 0.0679
vn 0.0143 -0.9973 0.0720
vn 0.0604 -0.9976 0.0323
vn 0.0679 -0.9973 0.0281
vn 0.0611 -0.9973 0.0408
vn 0.0656 -0.9976 -0.0199
vn 0.0679 -0.9973 -0.0281
vn 0.0720 -0.9973 -0.0143
vn 0.0323 -0.9976 -0.0604
vn 0.0281 -0.9973 -0.0679
vn 0.0408 -0.9973 -0.0611
vn -0.0323 -0.9976 -0.0604
vn -0.0408 -0.9973 -0.0611
vn -0.0656 -0.9976 -0.0199
vn -0.0720 -0.9973 -0.0143
vn -0.0604 -0.9976 0.0323
vn -0.0611 -0.9973 0.0408
vn -0.0199 -0.9976 0.0656
vn -0.0143 -0.9973 0.0720
vn 0.0323 -0.9976 0.0604
vn 0.0408 -0.9973 0.0611
vn 0.0656 -0.9976 0.0199
vn 0.0720 -0.9973 0.0143
vn 0.0604 -0.9976 -0.0323
vn 0.0611 -0.9973 -0.0408
vn 0.0199 -0.9976 -0.0656
vn 0.0143 -0.9973 -0.0720
vn 0.0067 -0.9976 -0.0682
vn -0.0000 -0.9973 -0.0734
vn -0.0435 -0.9976 -0.0530
vn -0.0519 -0.9973 -0.0519
vn -0.0682 -0.9976 -0.0067
vn -0.0734 -0.9973 -0.0000
vn -0.0530 -0.9976 0.0435
vn -0.0519 -0.9973 0.0519
vn -0.0067 -0.9976 0.0682
vn -0.0000 -0.9973 0.0734
vn 0.0435 -0.9976 0.0530
vn 0.0519 -0.9973 0.0519
vn 0.0682 -0.9976 0.0067
vn 0.0734 -0.9973 -0.0000
vn -0.0067 -0.9976 -0.0682
vn 0.0530 -0.9976 -0.0435
vn 0.0519 -0.9973 -0.0519
vn -0.0530 -0.9976 -0.0435
vn -0.0682 -0.9976 0.0067
vn -0.0435 -0.9976 0.0530
vn 0.0067 -0.9976 0.0682
vn 0.0530 -0.9976 0.0435
vn 0.0682 -0.9976 -0.0067
vn 0.0435 -0.9976 -0.0530
vn 0.0979 0.0432 -0.9943
vn 0.0980 -0.0000 -0.9952
vn -0.0000 -0.0432 -0.9991
vn 0.0979 -0.0432 -0.9943
vn 0.1949 -0.0432 -0.9799
vn 0.2900 -0.0432 -0.9560
vn 0.3823 -0.0432 -0.9230
vn -0.3823 -0.0432 -0.9230
vn -0.2900 -0.0432 -0.9560
vn -0.1949 -0.0432 -0.9799
vn -0.5551 -0.0432 -0.8307
vn -0.4710 -0.0432 -0.8811
vn -0.7064 -0.0432 -0.7064
vn -0.6338 -0.0432 -0.7723
vn -0.8307 -0.0432 -0.5551
vn -0.7723 -0.0432 -0.6338
vn -0.9230 -0.0432 -0.3823
vn -0.8811 -0.0432 -0.4710
vn -0.9799 -0.0432 -0.1949
vn -0.9560 -0.0432 -0.2900
vn -0.9991 -0.0432 -0.0000
vn -0.9943 -0.0432 -0.0979
vn -0.9799 -0.0432 0.1949
vn -0.9943 -0.0432 0.0979
vn -0.9230 -0.0432 0.3823
vn -0.9560 -0.0432 0.2900
vn -0.8307 -0.0432 0.5551
vn -0.8811 -0.0432 0.4710
vn -0.7064 -0.0432 0.7064
vn -0.7723 -0.0432 0.6338
vn -0.5551 -0.0432 0.8307
vn -0.6338 -0.0432 0.7723
vn -0.3823 -0.0432 0.9230
vn -0.4710 -0.0432 0.8811
vn -0.1949 -0.0432 0.9799
vn -0.2900 -0.0432 0.9560
vn -0.0000 -0.0432 0.9991
vn -0.0979 -0.0432 0.9943
vn 0.1949 -0.0432 0.9799
vn 0.0979 -0.0432 0.9943
vn 0.3823 -0.0432 0.9230
vn 0.2900 -0.0432 0.9560
vn 0.5551 -0.0432 0.8307
vn 0.4710 -0.0432 0.8811
vn 0.7064 -0.0432 0.7064
vn 0.6338 -0.0432 0.7723
vn 0.8307 -0.0432 0.5551
vn 0.7723 -0.0432 0.6338
vn 0.9230 -0.0432 0.3823
vn 0.8811 -0.0432 0.4710
vn 0.9799 -0.0432 0.1949
vn 0.9560 -0.0432 0.2900
vn 0.9991 -0.0432 -0.0000
vn 0.9943 -0.0432 0.0979
vn 0.9799 -0.0432 -0.1949
vn 0.9943 -0.0432 -0.0979
vn 0.9230 -0.0432 -0.3823
vn 0.9560 -0.0432 -0.2900
vn 0.8307 -0.0432 -0.5551
vn 0.8811 -0.0432 -0.4710
vn 0.7064 -0.0432 -0.7064
vn 0.7723 -0.0432 -0.6338
vn 0.5551 -0.0432 -0.8307
vn 0.6338 -0.0432 -0.7723
vn 0.4710 -0.0432 -0.8811
vn -0.0979 -0.0432 -0.9943
vt 0.000255 0.000372
vt 0.000255 0.000373
vt 0.000255 0.000373
vt 0.000255 0.000372
vt 0.000255 0.000373
vt 0.000256 0.000373
vt 0.000256 0.000373
vt 0.000256 0.000373
vt 0.000256 0.000372
vt 0.000256 0.000372
vt 0.000256 0.000373
vt 0.000256 0.000373
vt 0.000256 0.000372
vt 0.000256 0.000373
vt 0.000256 0.000373
vt 0.000256 0.000373
vt 0.000256 0.000373
vt 0.000256 0.000372
vt 0.000256 0.000373
vt 0.000256 0.000372
vt 0.000256 0.000373
vt 0.000256 0.000373
vt 0.000256 0.000373
vt 0.000256 0.000372
vt 0.000256 0.000373
vt 0.000256 0.000372
vt 0.000256 0.000373
vt 0.000256 0.000373
vt 0.000256 0.000373
vt 0.000256 0.000372
vt 0.000256 0.000373
vt 0.000256 0.000372
vt 0.000256 0.000373
vt 0.000256 0.000373
vt 0.000256 0.000373
vt 0.000256 0.000372
vt 0.000256 0.000373
vt 0.000256 0.000372
vt 0.000256 0.000373
vt 0.000256 0.000373
vt 0.000256 0.000373
vt 0.000256 0.000372
vt 0.000256 0.000373
vt 0.000256 0.000372
vt 0.000256 0.000373
vt 0.000256 0.000373
vt 0.000256 0.000373
vt 0.000256 0.000372
vt 0.000256 0.000373
vt 0.000256 0.000372
vt 0.000256 0.000373
vt 0.000256 0.000372
vt 0.000256 0.000373
vt 0.000256 0.000372
vt 0.000256 0.000373
vt 0.000256 0.000372
vt 0.000256 0.000372
vt 0.000256 0.000372
vt 0.000256 0.000373
vt 0.000256 0.000372
vt 0.000256 0.000373
vt 0.000256 0.000372
vt 0.000256 0.000372
vt 0.000256 0.000372
vt 0.000256 0.000373
vt 0.000256 0.000372
vt 0.933005 0.489007
vt 0.931774 0.638644
vt 0.898639 0.638644
vt 0.899777 0.489007
vt 0.923155 0.772789
vt 0.890670 0.772789
vt 0.856427 0.772789
vt 0.863710 0.638644
vt 0.864750 0.489007
vt 0.825556 0.638644
vt 0.826490 0.489007
vt 0.819023 0.772789
vt 0.778478 0.772789
vt 0.784200 0.638644
vt 0.785017 0.489007
vt 0.740034 0.638644
vt 0.740728 0.489007
vt 0.735179 0.772789
vt 0.689547 0.772789
vt 0.693488 0.638644
vt 0.694051 0.489007
vt 0.645007 0.638644
vt 0.645434 0.489007
vt 0.642017 0.772789
vt 0.593050 0.772789
vt 0.595060 0.638644
vt 0.595347 0.489007
vt 0.544126 0.638644
vt 0.544270 0.489007
vt 0.543117 0.772789
vt 0.492698 0.772789
vt 0.492698 0.638644
vt 0.492698 0.489007
vt 0.441269 0.638644
vt 0.441125 0.489007
vt 0.442279 0.772789
vt 0.392345 0.772789
vt 0.390336 0.638644
vt 0.390049 0.489007
vt 0.340389 0.638644
vt 0.339962 0.489007
vt 0.343379 0.772789
vt 0.295849 0.772789
vt 0.291907 0.638644
vt 0.291344 0.489007
vt 0.245361 0.638644
vt 0.244668 0.489007
vt 0.250216 0.772789
vt 0.206917 0.772789
vt 0.201195 0.638644
vt 0.200378 0.489007
vt 0.159839 0.638644
vt 0.158906 0.489007
vt 0.166373 0.772789
vt 0.128968 0.772789
vt 0.121686 0.638644
vt 0.120645 0.489007
vt 0.086757 0.638644
vt 0.085618 0.489007
vt 0.094725 0.772789
vt 0.062240 0.772789
vt 0.053622 0.638644
vt 0.052390 0.489007
vt 0.000255 0.000372
vt 0.000255 0.000373
vt 0.000255 0.000373
vt 0.000255 0.000372
vt 0.000255 0.000372
vt 0.000255 0.000372
vt 0.000255 0.000372
vt 0.000255 0.000373
vt 0.000255 0.000372
vt 0.000255 0.000373
vt 0.000255 0.000372
vt 0.000255 0.000372
vt 0.000255 0.000372
vt 0.000255 0.000373
vt 0.000255 0.000372
vt 0.000255 0.000373
vt 0.000255 0.000372
vt 0.000255 0.000373
vt 0.000255 0.000373
vt 0.000255 0.000373
vt 0.000255 0.000372
vt 0.000255 0.000373
vt 0.000255 0.000372
vt 0.000255 0.000373
vt 0.000255 0.000373
vt 0.000255 0.000373
vt 0.000255 0.000372
vt 0.000255 0.000373
vt 0.000255 0.000372
vt 0.000255 0.000373
vt 0.000255 0.000373
vt 0.000255 0.000373
vt 0.000255 0.000372
vt 0.000255 0.000373
vt 0.000255 0.000372
vt 0.000255 0.000373
vt 0.000255 0.000373
vt 0.000255 0.000373
vt 0.000255 0.000372
vt 0.000255 0.000373
vt 0.000255 0.000372
vt 0.000255 0.000373
vt 0.000255 0.000373
vt 0.000255 0.000373
vt 0.000255 0.000372
vt 0.000255 0.000373
vt 0.000255 0.000372
vt 0.000255 0.000373
vt 0.000255 0.000373
vt 0.000255 0.000373
vt 0.000255 0.000372
vt 0.000255 0.000373
vt 0.000255 0.000372
vt 0.000255 0.000373
vt 0.000255 0.000373
vt 0.000255 0.000373
vt 0.000255 0.000372
vt 0.000255 0.000372
vt 0.000255 0.000373
vt 0.000255 0.000373
vt 0.000255 0.000372
vt 0.000255 0.000373
vt 0.000255 0.000373
vt 0.000255 0.000373
vt 0.000255 0.000373
vt 0.000255 0.000372
vt 0.000255 0.000372
vt 0.000255 0.000372
vt 0.000255 0.000372
vt 0.000255 0.000372
vt 0.000255 0.000372
vt 0.000255 0.000372
vt 0.000255 0.000372
vt 0.000255 0.000372
vt 0.000255 0.000372
vt 0.000255 0.000372
vt 0.000255 0.000372
vt 0.000255 0.000372
vt 0.000255 0.000372
vt 0.000255 0.000372
vt 0.000255 0.000372
vt 0.000255 0.000372
vt 0.000255 0.000372
vt 0.000255 0.000372
vt 0.000255 0.000372
vt 0.000255 0.000372
vt 0.000255 0.000372
vt 0.000255 0.000372
vt 0.000255 0.000372
vt 0.000255 0.000372
vt 0.000255 0.000372
vt 0.000255 0.000372
vt 0.000255 0.000372
vt 0.000255 0.000372
vt 0.000255 0.000372
vt 0.000255 0.000372
vt 0.000255 0.000372
vt 0.000255 0.000372
vt 0.000255 0.000372
vt 0.000255 0.000372
vt 0.000255 0.000372
vt 0.000255 0.000372
vt 0.000255 0.000372
vt 0.000255 0.000372
vt 0.000255 0.000372
vt 0.000255 0.000372
vt 0.000255 0.000372
vt 0.000255 0.000372
vt 0.000255 0.000372
vt 0.000255 0.000371
vt 0.000255 0.000372
vt 0.000255 0.000372
vt 0.000255 0.000371
vt 0.000255 0.000371
vt 0.000255 0.000372
vt 0.000255 0.000372
vt 0.000255 0.000371
vt 0.000255 0.000371
vt 0.000255 0.000372
vt 0.000255 0.000371
vt 0.000255 0.000371
vt 0.000255 0.000371
vt 0.000255 0.000371
vt 0.000255 0.000371
vt 0.000255 0.000372
vt 0.000255 0.000371
vt 0.000255 0.000371
vt 0.000255 0.000371
vt 0.000255 0.000372
vt 0.000255 0.000371
vt 0.000255 0.000371
vt 0.000255 0.000371
vt 0.000255 0.000372
vt 0.000255 0.000371
vt 0.000255 0.000371
vt 0.000255 0.000372
vt 0.000255 0.000372
vt 0.000255 0.000371
vt 0.000255 0.000371
vt 0.000255 0.000372
vt 0.000255 0.000372
vt 0.000255 0.000372
vt 0.000255 0.000372
vt 0.000255 0.000372
vt 0.000255 0.000372
vt 0.000255 0.000372
vt 0.000255 0.000372
vt 0.000255 0.000372
vt 0.000255 0.000372
vt 0.000255 0.000372
vt 0.000255 0.000372
vt 0.000255 0.000372
vt 0.000255 0.000372
vt 0.000255 0.000372
vt 0.000255 0.000372
vt 0.000255 0.000372
vt 0.000255 0.000372
vt 0.000255 0.000372
vt 0.000255 0.000372
vt 0.000255 0.000372
vt 0.000255 0.000372
vt 0.000255 0.000372
vt 0.000255 0.000372
vt 0.000255 0.000372
vt 0.000255 0.000372
vt 0.000255 0.000372
vt 0.000255 0.000372
vt 0.000255 0.000372
vt 0.000255 0.000372
vt 0.000255 0.000372
vt 0.000255 0.000372
vt 0.000255 0.000372
vt 0.000255 0.000372
vt 0.000255 0.000372
vt 0.000256 0.000372
vt 0.000256 0.000373
vt 0.000256 0.000373
vt 0.000256 0.000372
vt 0.000256 0.000373
vt 0.000256 0.000373
vt 0.000256 0.000373
vt 0.000256 0.000373
vt 0.000256 0.000372
vt 0.000255 0.000372
vt 0.000255 0.000372
vt 0.000255 0.000372
vt 0.000255 0.000372
vt 0.000256 0.000372
vt 0.000256 0.000372
vt 0.000256 0.000372
vt 0.000255 0.000372
vt 0.000255 0.000372
vt 0.000256 0.000372
vt 0.000256 0.000372
vt 0.000256 0.000372
vt 0.000256 0.000372
vt 0.000256 0.000372
vt 0.000256 0.000372
vt 0.000256 0.000372
vt 0.000256 0.000372
vt 0.000256 0.000372
vt 0.000256 0.000373
vt 0.000255 0.000373
vt 0.000255 0.000372
vt 0.000256 0.000372
vt 0.000255 0.000373
vt 0.000255 0.000372
vt 0.000255 0.000372
vt 0.000255 0.000372
vt 0.000255 0.000372
vt 0.000255 0.000372
vt 0.000255 0.000372
vt 0.000255 0.000372
vt 0.000255 0.000372
vt 0.000255 0.000372
vt 0.000256 0.000372
vt 0.000256 0.000372
vt 0.000256 0.000372
vt 0.000256 0.000372
vt 0.000256 0.000372
vt 0.000256 0.000372
vt 0.000256 0.000372
vt 0.000256 0.000372
vt 0.000256 0.000372
vt 0.000256 0.000372
vt 0.000256 0.000372
vt 0.000256 0.000372
vt 0.000256 0.000372
vt 0.000256 0.000373
vt 0.000256 0.000372
vt 0.000256 0.000372
vt 0.000256 0.000373
vt 0.000255 0.000372
vt 0.000255 0.000372
vt 0.000255 0.000372
vt 0.000255 0.000372
vt 0.000255 0.000372
vt 0.000255 0.000372
vt 0.000256 0.000372
vt 0.000256 0.000372
vt 0.000256 0.000372
vt 0.000256 0.000372
vt 0.000256 0.000372
vt 0.000256 0.000372
vt 0.000256 0.000372
vt 0.000256 0.000372
vt 0.000256 0.000372
vt 0.000256 0.000372
vt 0.000256 0.000372
vt 0.000256 0.000372
vt 0.000256 0.000372
vt 0.000256 0.000372
vt 0.000256 0.000373
vt 0.000256 0.000373
vt 0.000256 0.000372
vt 0.000256 0.000372
vt 0.000256 0.000373
vt 0.000256 0.000372
vt 0.000255 0.000372
vt 0.000255 0.000372
vt 0.000255 0.000372
vt 0.000255 0.000372
vt 0.000255 0.000372
vt 0.000255 0.000372
vt 0.000255 0.000372
vt 0.000256 0.000372
vt 0.000256 0.000372
vt 0.000256 0.000372
vt 0.000256 0.000372
vt 0.000256 0.000372
vt 0.000256 0.000372
vt 0.000256 0.000372
vt 0.000256 0.000372
vt 0.000256 0.000372
vt 0.000256 0.000372
vt 0.000256 0.000372
vt 0.000256 0.000372
vt 0.000256 0.000373
vt 0.000256 0.000372
vt 0.000256 0.000372
vt 0.000255 0.000372
vt 0.000255 0.000372
vt 0.000255 0.000372
vt 0.000255 0.000372
vt 0.000255 0.000372
vt 0.000255 0.000372
vt 0.000256 0.000372
vt 0.000256 0.000372
vt 0.000256 0.000372
vt 0.000256 0.000372
vt 0.000256 0.000372
vt 0.000256 0.000372
vt 0.000256 0.000372
vt 0.000256 0.000372
vt 0.000256 0.000372
vt 0.000256 0.000372
vt 0.000256 0.000372
vt 0.000256 0.000372
vt 0.000256 0.000373
vt 0.000256 0.000373
vt 0.000256 0.000372
vt 0.000256 0.000372
vt 0.000255 0.000372
vt 0.000256 0.000372
vt 0.000256 0.000372
vt 0.000255 0.000372
vt 0.000255 0.000372
vt 0.000255 0.000372
vt 0.000255 0.000372
vt 0.000256 0.000372
vt 0.000256 0.000372
vt 0.000256 0.000372
vt 0.000256 0.000372
vt 0.000256 0.000372
vt 0.000256 0.000372
vt 0.000256 0.000372
vt 0.000256 0.000372
vt 0.000256 0.000372
vt 0.000256 0.000372
vt 0.000256 0.000372
vt 0.000256 0.000372
vt 0.000256 0.000372
vt 0.000256 0.000372
vt 0.000256 0.000372
vt 0.000256 0.000372
vt 0.000256 0.000372
vt 0.000255 0.000372
vt 0.000255 0.000372
vt 0.000255 0.000372
vt 0.000255 0.000372
vt 0.000256 0.000372
vt 0.000256 0.000372
vt 0.000256 0.000372
vt 0.000256 0.000372
vt 0.000256 0.000372
vt 0.000256 0.000372
vt 0.000256 0.000372
vt 0.000256 0.000372
vt 0.000256 0.000372
vt 0.000256 0.000372
vt 0.000256 0.000372
vt 0.000256 0.000372
vt 0.000256 0.000373
vt 0.000256 0.000373
vt 0.000256 0.000372
vt 0.000256 0.000372
vt 0.000256 0.000372
vt 0.000256 0.000372
vt 0.000256 0.000372
vt 0.000256 0.000372
vt 0.000255 0.000372
vt 0.000255 0.000372
vt 0.000255 0.000372
vt 0.000256 0.000372
vt 0.000256 0.000372
vt 0.000256 0.000372
vt 0.000256 0.000372
vt 0.000256 0.000372
vt 0.000256 0.000372
vt 0.000256 0.000372
vt 0.000256 0.000372
vt 0.000256 0.000372
vt 0.000256 0.000372
vt 0.000256 0.000372
vt 0.000256 0.000372
vt 0.000256 0.000373
vt 0.000256 0.000372
vt 0.000256 0.000372
vt 0.000256 0.000372
vt 0.000256 0.000372
vt 0.000256 0.000372
vt 0.000256 0.000372
vt 0.000255 0.000372
vt 0.000255 0.000372
vt 0.000255 0.000372
vt 0.000256 0.000372
vt 0.000256 0.000372
vt 0.000256 0.000372
vt 0.000256 0.000372
vt 0.000256 0.000372
vt 0.000256 0.000372
vt 0.000256 0.000372
vt 0.000256 0.000372
vt 0.000256 0.000372
vt 0.000256 0.000372
vt 0.000256 0.000372
vt 0.000256 0.000372
vt 0.000256 0.000372
vt 0.000256 0.000373
vt 0.000256 0.000372
vt 0.000256 0.000372
vt 0.000256 0.000372
vt 0.000256 0.000372
vt 0.000256 0.000372
vt 0.000256 0.000372
vt 0.000255 0.000372
vt 0.000255 0.000372
vt 0.000255 0.000372
vt 0.000256 0.000372
vt 0.000256 0.000372
vt 0.000256 0.000372
vt 0.000256 0.000372
vt 0.000256 0.000372
vt 0.000256 0.000372
vt 0.000256 0.000372
vt 0.000256 0.000372
vt 0.000256 0.000371
vt 0.000256 0.000372
vt 0.000256 0.000372
vt 0.000256 0.000372
vt 0.000256 0.000372
vt 0.000256 0.000372
vt 0.000256 0.000372
vt 0.000256 0.000372
vt 0.000255 0.000372
vt 0.000255 0.000372
vt 0.000256 0.000372
vt 0.000255 0.000372
vt 0.000255 0.000372
vt 0.000255 0.000372
vt 0.000255 0.000372
vt 0.000256 0.000372
vt 0.000256 0.000372
vt 0.000256 0.000372
vt 0.000256 0.000372
vt 0.000256 0.000372
vt 0.000256 0.000372
vt 0.000256 0.000371
vt 0.000256 0.000372
vt 0.000256 0.000371
vt 0.000256 0.000371
vt 0.000256 0.000372
vt 0.000256 0.000372
vt 0.000256 0.000372
vt 0.000256 0.000372
vt 0.000256 0.000372
vt 0.000255 0.000372
vt 0.000255 0.000372
vt 0.000255 0.000372
vt 0.000255 0.000372
vt 0.000255 0.000372
vt 0.000255 0.000372
vt 0.923155 0.205226
vt 0.890670 0.205226
vt 0.871319 0.096903
vt 0.902224 0.096903
vt 0.856427 0.205226
vt 0.838741 0.096903
vt 0.814812 0.004073
vt 0.845137 0.004073
vt 0.873905 0.004073
vt 0.000256 0.000371
vt 0.000256 0.000371
vt 0.000256 0.000371
vt 0.000256 0.000371
vt 0.000256 0.000372
vt 0.000256 0.000372
vt 0.856427 0.772789
vt 0.890670 0.772789
vt 0.871319 0.881111
vt 0.838740 0.881112
vt 0.902224 0.881111
vt 0.873905 0.973941
vt 0.845137 0.973942
vt 0.814811 0.973942
vt 0.000255 0.000371
vt 0.000255 0.000371
vt 0.000255 0.000371
vt 0.000255 0.000371
vt 0.000255 0.000372
vt 0.000255 0.000372
vt 0.000255 0.000371
vt 0.819023 0.205226
vt 0.803155 0.096903
vt 0.778478 0.205226
vt 0.764582 0.096903
vt 0.745781 0.004073
vt 0.781687 0.004073
vt 0.000256 0.000371
vt 0.000256 0.000371
vt 0.000256 0.000371
vt 0.000256 0.000371
vt 0.000256 0.000371
vt 0.000256 0.000371
vt 0.819023 0.772789
vt 0.803155 0.881111
vt 0.764582 0.881111
vt 0.838741 0.881111
vt 0.814812 0.973942
vt 0.781687 0.973941
vt 0.745781 0.973942
vt 0.000255 0.000371
vt 0.000255 0.000371
vt 0.000255 0.000371
vt 0.000255 0.000371
vt 0.000255 0.000371
vt 0.000255 0.000371
vt 0.735179 0.205226
vt 0.723388 0.096903
vt 0.689547 0.205226
vt 0.679975 0.096903
vt 0.667024 0.004073
vt 0.707436 0.004073
vt 0.000256 0.000371
vt 0.000256 0.000371
vt 0.000256 0.000371
vt 0.000256 0.000371
vt 0.000256 0.000371
vt 0.000256 0.000371
vt 0.689547 0.772789
vt 0.735179 0.772789
vt 0.723388 0.881111
vt 0.679975 0.881111
vt 0.707436 0.973941
vt 0.667024 0.973942
vt 0.000255 0.000371
vt 0.000255 0.000371
vt 0.000255 0.000371
vt 0.000255 0.000371
vt 0.000255 0.000371
vt 0.642017 0.205226
vt 0.634756 0.096903
vt 0.593050 0.205226
vt 0.588171 0.096903
vt 0.581569 0.004073
vt 0.624933 0.004073
vt 0.000256 0.000371
vt 0.000256 0.000371
vt 0.000256 0.000371
vt 0.000256 0.000371
vt 0.000256 0.000371
vt 0.000256 0.000371
vt 0.593050 0.772789
vt 0.634756 0.881111
vt 0.588171 0.881111
vt 0.624933 0.973941
vt 0.581569 0.973942
vt 0.000255 0.000371
vt 0.000255 0.000371
vt 0.000255 0.000371
vt 0.000255 0.000371
vt 0.000255 0.000371
vt 0.543117 0.205226
vt 0.540665 0.096903
vt 0.492698 0.205226
vt 0.492698 0.096903
vt 0.492698 0.004073
vt 0.537348 0.004073
vt 0.000256 0.000371
vt 0.000256 0.000371
vt 0.000256 0.000371
vt 0.000256 0.000371
vt 0.000256 0.000371
vt 0.000256 0.000371
vt 0.492698 0.772789
vt 0.540665 0.881111
vt 0.492698 0.881111
vt 0.537348 0.973941
vt 0.492698 0.973942
vt 0.000255 0.000371
vt 0.000255 0.000371
vt 0.000255 0.000371
vt 0.000255 0.000371
vt 0.000255 0.000371
vt 0.000255 0.000371
vt 0.442279 0.205226
vt 0.444730 0.096903
vt 0.392345 0.205226
vt 0.397225 0.096903
vt 0.403827 0.004073
vt 0.448047 0.004073
vt 0.000256 0.000371
vt 0.000256 0.000371
vt 0.000256 0.000371
vt 0.000256 0.000371
vt 0.000256 0.000371
vt 0.000256 0.000371
vt 0.392345 0.772789
vt 0.444730 0.881111
vt 0.397225 0.881111
vt 0.448047 0.973941
vt 0.403827 0.973942
vt 0.000255 0.000371
vt 0.000255 0.000371
vt 0.000255 0.000371
vt 0.000255 0.000371
vt 0.000255 0.000371
vt 0.000255 0.000371
vt 0.343378 0.205226
vt 0.350639 0.096903
vt 0.295849 0.205226
vt 0.305421 0.096903
vt 0.318371 0.004073
vt 0.360463 0.004073
vt 0.000256 0.000371
vt 0.000256 0.000371
vt 0.000256 0.000371
vt 0.000256 0.000371
vt 0.000256 0.000371
vt 0.000256 0.000371
vt 0.295849 0.772789
vt 0.343378 0.772789
vt 0.350639 0.881111
vt 0.305421 0.881111
vt 0.360463 0.973941
vt 0.318371 0.973942
vt 0.000255 0.000371
vt 0.000255 0.000371
vt 0.000255 0.000371
vt 0.000255 0.000371
vt 0.000255 0.000371
vt 0.250216 0.205226
vt 0.262007 0.096903
vt 0.206917 0.205226
vt 0.220814 0.096903
vt 0.239615 0.004073
vt 0.277960 0.004073
vt 0.000256 0.000371
vt 0.000256 0.000371
vt 0.000256 0.000371
vt 0.000256 0.000371
vt 0.000256 0.000371
vt 0.000256 0.000371
vt 0.206917 0.772789
vt 0.262007 0.881111
vt 0.220814 0.881111
vt 0.277960 0.973941
vt 0.239615 0.973942
vt 0.000255 0.000371
vt 0.000255 0.000371
vt 0.000255 0.000371
vt 0.000255 0.000371
vt 0.000255 0.000371
vt 0.166373 0.205226
vt 0.182241 0.096903
vt 0.128968 0.205226
vt 0.146655 0.096903
vt 0.170584 0.004073
vt 0.203709 0.004073
vt 0.000256 0.000371
vt 0.000256 0.000371
vt 0.000256 0.000371
vt 0.000256 0.000371
vt 0.000256 0.000372
vt 0.000256 0.000371
vt 0.128968 0.772789
vt 0.166373 0.772789
vt 0.182241 0.881111
vt 0.146655 0.881111
vt 0.203709 0.973941
vt 0.170584 0.973942
vt 0.000255 0.000371
vt 0.000255 0.000371
vt 0.000255 0.000371
vt 0.000255 0.000371
vt 0.094725 0.205226
vt 0.114077 0.096903
vt 0.062240 0.205226
vt 0.083172 0.096903
vt 0.111491 0.004073
vt 0.140259 0.004073
vt 0.000256 0.000371
vt 0.000256 0.000371
vt 0.000256 0.000371
vt 0.000256 0.000371
vt 0.000256 0.000372
vt 0.000256 0.000372
vt 0.094725 0.772789
vt 0.114077 0.881112
vt 0.083172 0.881111
vt 0.146655 0.881112
vt 0.140259 0.973942
vt 0.111491 0.973941
vt 0.000255 0.000372
vt 0.000255 0.000371
vt 0.000255 0.000371
vt 0.000255 0.000372
vt 0.000255 0.000371
vt 0.000255 0.000372
vt 0.000255 0.000372
vt 0.000255 0.000372
vt 0.000255 0.000372
vt 0.000255 0.000372
vt 0.000255 0.000372
vt 0.000255 0.000372
vt 0.000255 0.000372
vt 0.000255 0.000372
vt 0.000256 0.000371
vt 0.000256 0.000372
vt 0.000256 0.000372
vt 0.000256 0.000372
vt 0.000256 0.000372
vt 0.000256 0.000372
vt 0.000255 0.000372
vt 0.000255 0.000372
vt 0.000255 0.000372
vt 0.000255 0.000372
vt 0.000255 0.000372
vt 0.000255 0.000372
vt 0.000255 0.000372
vt 0.000255 0.000372
vt 0.000255 0.000372
vt 0.000255 0.000372
vt 0.000255 0.000372
vt 0.000255 0.000372
vt 0.000255 0.000372
vt 0.000255 0.000372
vt 0.000255 0.000372
vt 0.000255 0.000372
vt 0.000255 0.000372
vt 0.000255 0.000372
vt 0.000255 0.000372
vt 0.000256 0.000372
vt 0.000256 0.000372
vt 0.000256 0.000372
vt 0.000256 0.000372
vt 0.000256 0.000372
vt 0.000256 0.000372
vt 0.000255 0.000372
vt 0.000255 0.000372
vt 0.000255 0.000372
vt 0.000255 0.000372
vt 0.000255 0.000372
vt 0.000255 0.000372
vt 0.000255 0.000372
vt 0.000255 0.000372
vt 0.000255 0.000372
vt 0.000255 0.000372
vt 0.000255 0.000372
vt 0.000255 0.000372
vt 0.000255 0.000372
vt 0.000255 0.000372
vt 0.000255 0.000372
vt 0.000255 0.000372
vt 0.000255 0.000372
vt 0.000255 0.000372
vt 0.000255 0.000372
vt 0.000256 0.000372
vt 0.000256 0.000372
vt 0.000256 0.000372
vt 0.000256 0.000372
vt 0.000256 0.000372
vt 0.000256 0.000372
vt 0.000255 0.000373
vt 0.000255 0.000373
vt 0.000255 0.000372
vt 0.000255 0.000372
vt 0.000255 0.000372
vt 0.000255 0.000372
vt 0.000255 0.000372
vt 0.000255 0.000372
vt 0.000255 0.000372
vt 0.000255 0.000372
vt 0.000255 0.000372
vt 0.000255 0.000372
vt 0.000255 0.000372
vt 0.000255 0.000372
vt 0.000255 0.000372
vt 0.000255 0.000372
vt 0.000255 0.000372
vt 0.000256 0.000372
vt 0.000256 0.000372
vt 0.000256 0.000372
vt 0.000256 0.000372
vt 0.000256 0.000372
vt 0.000256 0.000372
vt 0.000255 0.000372
vt 0.000255 0.000372
vt 0.000255 0.000372
vt 0.000255 0.000372
vt 0.000255 0.000372
vt 0.000255 0.000372
vt 0.000255 0.000372
vt 0.000255 0.000372
vt 0.000255 0.000372
vt 0.000255 0.000372
vt 0.000255 0.000372
vt 0.000255 0.000372
vt 0.000255 0.000372
vt 0.000255 0.000372
vt 0.000255 0.000372
vt 0.000256 0.000372
vt 0.000256 0.000372
vt 0.000256 0.000372
vt 0.000256 0.000372
vt 0.000256 0.000372
vt 0.000256 0.000372
vt 0.000255 0.000372
vt 0.000255 0.000372
vt 0.000255 0.000372
vt 0.000255 0.000372
vt 0.000255 0.000372
vt 0.000255 0.000372
vt 0.000255 0.000372
vt 0.000255 0.000372
vt 0.000255 0.000372
vt 0.000255 0.000372
vt 0.000255 0.000372
vt 0.000255 0.000372
vt 0.000255 0.000372
vt 0.000255 0.000372
vt 0.000255 0.000372
vt 0.000255 0.000372
vt 0.000256 0.000372
vt 0.000256 0.000372
vt 0.000256 0.000372
vt 0.000256 0.000372
vt 0.000256 0.000372
vt 0.000256 0.000372
vt 0.000255 0.000373
vt 0.000255 0.000372
vt 0.000255 0.000372
vt 0.000255 0.000372
vt 0.000255 0.000372
vt 0.000255 0.000372
vt 0.000255 0.000372
vt 0.000255 0.000372
vt 0.000255 0.000372
vt 0.000255 0.000372
vt 0.000255 0.000372
vt 0.000255 0.000372
vt 0.000255 0.000372
vt 0.000255 0.000372
vt 0.000256 0.000372
vt 0.000256 0.000372
vt 0.000256 0.000372
vt 0.000256 0.000372
vt 0.000256 0.000372
vt 0.000256 0.000372
vt 0.000255 0.000373
vt 0.000255 0.000372
vt 0.000255 0.000372
vt 0.000255 0.000372
vt 0.000255 0.000372
vt 0.000255 0.000372
vt 0.000255 0.000372
vt 0.000255 0.000372
vt 0.000255 0.000372
vt 0.000255 0.000372
vt 0.000255 0.000372
vt 0.000255 0.000372
vt 0.000255 0.000372
vt 0.000255 0.000372
vt 0.000255 0.000372
vt 0.000255 0.000372
vt 0.000256 0.000372
vt 0.000256 0.000372
vt 0.000256 0.000372
vt 0.000256 0.000372
vt 0.000256 0.000372
vt 0.000256 0.000372
vt 0.000255 0.000372
vt 0.000255 0.000372
vt 0.000255 0.000372
vt 0.000255 0.000372
vt 0.000255 0.000372
vt 0.000255 0.000372
vt 0.000255 0.000372
vt 0.000255 0.000372
vt 0.000255 0.000372
vt 0.000255 0.000372
vt 0.000255 0.000372
vt 0.000255 0.000372
vt 0.000255 0.000372
vt 0.000255 0.000372
vt 0.000255 0.000372
vt 0.000256 0.000372
vt 0.000256 0.000372
vt 0.000256 0.000372
vt 0.000256 0.000372
vt 0.000256 0.000372
vt 0.000256 0.000372
vt 0.000255 0.000373
vt 0.000255 0.000373
vt 0.000255 0.000372
vt 0.000255 0.000372
vt 0.000255 0.000372
vt 0.000255 0.000372
vt 0.000255 0.000372
vt 0.000255 0.000372
vt 0.000255 0.000372
vt 0.000255 0.000372
vt 0.000255 0.000372
vt 0.000255 0.000372
vt 0.000255 0.000372
vt 0.000255 0.000372
vt 0.000255 0.000372
vt 0.000255 0.000372
vt 0.000255 0.000372
vt 0.000255 0.000372
vt 0.000255 0.000372
vt 0.000256 0.000372
vt 0.000256 0.000372
vt 0.000256 0.000372
vt 0.000256 0.000372
vt 0.000256 0.000372
vt 0.000256 0.000372
vt 0.000255 0.000373
vt 0.000255 0.000373
vt 0.000255 0.000372
vt 0.000255 0.000372
vt 0.000255 0.000373
vt 0.000255 0.000372
vt 0.000255 0.000372
vt 0.000255 0.000372
vt 0.000255 0.000372
vt 0.000255 0.000372
vt 0.000255 0.000372
vt 0.000255 0.000372
vt 0.000255 0.000372
vt 0.000255 0.000372
vt 0.000255 0.000372
vt 0.000256 0.000372
vt 0.000256 0.000372
vt 0.000256 0.000372
vt 0.000255 0.000373
vt 0.000255 0.000372
vt 0.000255 0.000373
vt 0.000255 0.000372
vt 0.000255 0.000372
vt 0.000255 0.000372
vt 0.000255 0.000372
vt 0.000256 0.000372
vt 0.000256 0.000372
vt 0.000256 0.000372
vt 0.000256 0.000372
vt 0.000256 0.000372
vt 0.000256 0.000372
vt 0.000256 0.000372
vt 0.000256 0.000372
vt 0.000256 0.000372
vt 0.000256 0.000372
vt 0.000256 0.000372
vt 0.000256 0.000372
vt 0.000256 0.000372
vt 0.000256 0.000372
vt 0.000256 0.000372
vt 0.000256 0.000372
vt 0.000256 0.000372
vt 0.000256 0.000372
vt 0.000256 0.000372
vt 0.000256 0.000372
vt 0.000256 0.000372
vt 0.000256 0.000372
vt 0.000256 0.000372
vt 0.000256 0.000372
vt 0.000256 0.000372
vt 0.000256 0.000372
vt 0.000256 0.000372
vt 0.000256 0.000372
vt 0.000256 0.000372
vt 0.000256 0.000372
vt 0.000256 0.000372
vt 0.000256 0.000372
vt 0.000256 0.000372
vt 0.000256 0.000372
vt 0.000256 0.000372
vt 0.000256 0.000372
vt 0.000256 0.000372
vt 0.000256 0.000372
vt 0.000256 0.000372
vt 0.000256 0.000371
vt 0.000256 0.000371
vt 0.000256 0.000371
vt 0.000256 0.000371
vt 0.000256 0.000372
vt 0.000256 0.000371
vt 0.000256 0.000371
vt 0.000256 0.000372
vt 0.000256 0.000371
vt 0.000256 0.000371
vt 0.000256 0.000371
vt 0.000256 0.000371
vt 0.000256 0.000371
vt 0.000256 0.000372
vt 0.000256 0.000371
vt 0.000256 0.000371
vt 0.000256 0.000372
vt 0.000256 0.000371
vt 0.000256 0.000371
vt 0.000256 0.000372
vt 0.000256 0.000371
vt 0.000256 0.000371
vt 0.000256 0.000371
vt 0.000256 0.000371
vt 0.000256 0.000372
vt 0.000256 0.000372
vt 0.000256 0.000372
vt 0.000256 0.000372
vt 0.000256 0.000372
vt 0.000256 0.000372
vt 0.000256 0.000372
vt 0.000256 0.000372
vt 0.000256 0.000372
vt 0.000256 0.000372
vt 0.000256 0.000372
vt 0.000256 0.000372
vt 0.000256 0.000372
vt 0.000256 0.000372
vt 0.000256 0.000372
vt 0.000256 0.000372
vt 0.000256 0.000372
vt 0.000256 0.000372
vt 0.000256 0.000372
vt 0.000256 0.000372
vt 0.000256 0.000372
vt 0.000256 0.000372
vt 0.000256 0.000372
vt 0.000256 0.000372
vt 0.000256 0.000372
vt 0.000256 0.000372
vt 0.000256 0.000372
vt 0.000256 0.000372
vt 0.000256 0.000372
vt 0.000256 0.000372
vt 0.000256 0.000372
vt 0.000256 0.000372
vt 0.000256 0.000372
vt 0.000256 0.000372
vt 0.000256 0.000372
vt 0.000256 0.000372
vt 0.000256 0.000372
vt 0.000256 0.000372
vt 0.000256 0.000372
vt 0.000256 0.000372
vt 0.000256 0.000372
vt 0.000256 0.000371
vt 0.000256 0.000371
vt 0.000256 0.000371
vt 0.000256 0.000371
vt 0.000256 0.000371
vt 0.000256 0.000371
vt 0.000256 0.000371
vt 0.000256 0.000371
vt 0.000256 0.000371
vt 0.000256 0.000371
vt 0.000256 0.000372
vt 0.000256 0.000372
vt 0.000256 0.000372
vt 0.000256 0.000372
vt 0.000256 0.000372
vt 0.000256 0.000372
vt 0.000256 0.000372
vt 0.000256 0.000372
vt 0.000256 0.000372
vt 0.000256 0.000372
vt 0.000256 0.000372
vt 0.000256 0.000372
vt 0.000256 0.000372
vt 0.000256 0.000372
vt 0.000256 0.000372
vt 0.000256 0.000372
vt 0.000256 0.000372
vt 0.000256 0.000372
vt 0.000256 0.000372
vt 0.000256 0.000372
vt 0.000256 0.000372
vt 0.000256 0.000372
vt 0.000256 0.000372
vt 0.000256 0.000372
vt 0.000256 0.000372
vt 0.000256 0.000372
vt 0.000256 0.000372
vt 0.000256 0.000372
vt 0.000256 0.000372
vt 0.000256 0.000371
vt 0.000256 0.000371
vt 0.000256 0.000371
vt 0.000256 0.000371
vt 0.000256 0.000371
vt 0.000256 0.000371
vt 0.000256 0.000371
vt 0.000256 0.000371
vt 0.000256 0.000372
vt 0.000256 0.000372
vt 0.000256 0.000372
vt 0.000256 0.000372
vt 0.000256 0.000372
vt 0.000256 0.000372
vt 0.000256 0.000372
vt 0.000256 0.000372
vt 0.000256 0.000372
vt 0.000256 0.000372
vt 0.000256 0.000372
vt 0.000256 0.000372
vt 0.000256 0.000372
vt 0.000256 0.000372
vt 0.000256 0.000372
vt 0.000256 0.000372
vt 0.000256 0.000372
vt 0.000256 0.000372
vt 0.000256 0.000372
vt 0.000256 0.000372
vt 0.000256 0.000372
vt 0.000256 0.000371
vt 0.000256 0.000371
vt 0.000256 0.000371
vt 0.000256 0.000371
vt 0.000256 0.000371
vt 0.000256 0.000372
vt 0.000256 0.000371
vt 0.000256 0.000372
vt 0.000256 0.000372
vt 0.000256 0.000372
vt 0.000256 0.000372
vt 0.000256 0.000372
vt 0.000256 0.000372
vt 0.000256 0.000372
vt 0.000256 0.000372
vt 0.000256 0.000372
vt 0.000256 0.000372
vt 0.000256 0.000372
vt 0.000256 0.000372
vt 0.000256 0.000372
vt 0.000256 0.000372
vt 0.000256 0.000372
vt 0.000256 0.000371
vt 0.000256 0.000371
vt 0.000256 0.000371
vt 0.000256 0.000371
vt 0.000256 0.000372
vt 0.000256 0.000372
vt 0.000256 0.000372
vt 0.000256 0.000372
vt 0.000256 0.000372
vt 0.000256 0.000373
vt 0.000256 0.000372
vt 0.000256 0.000373
vt 0.000256 0.000373
vt 0.000256 0.000373
vt 0.000255 0.000372
vt 0.000256 0.000372
vt 0.000256 0.000372
vt 0.000256 0.000372
vt 0.000256 0.000372
vt 0.000256 0.000372
vt 0.000256 0.000372
vt 0.000256 0.000372
vt 0.000256 0.000372
vt 0.000256 0.000372
vt 0.000255 0.000372
vt 0.000255 0.000372
vt 0.000255 0.000372
vt 0.000255 0.000372
vt 0.000255 0.000372
vt 0.000255 0.000372
vt 0.000255 0.000372
vt 0.000255 0.000372
vt 0.000255 0.000372
vt 0.000255 0.000372
vt 0.000255 0.000372
vt 0.000255 0.000372
vt 0.000255 0.000372
vt 0.000255 0.000372
vt 0.000255 0.000372
vt 0.000255 0.000372
vt 0.000255 0.000372
vt 0.000255 0.000372
vt 0.000255 0.000372
vt 0.000255 0.000372
vt 0.000255 0.000372
vt 0.000255 0.000372
vt 0.000255 0.000372
vt 0.000255 0.000372
vt 0.000255 0.000372
vt 0.000255 0.000372
vt 0.000255 0.000372
vt 0.000255 0.000372
vt 0.000255 0.000372
vt 0.000255 0.000372
vt 0.000255 0.000372
vt 0.000255 0.000372
vt 0.000255 0.000372
vt 0.000255 0.000372
vt 0.000255 0.000372
vt 0.000255 0.000372
vt 0.000255 0.000372
vt 0.128968 0.205226
vt 0.121686 0.339370
vt 0.086757 0.339370
vt 0.094725 0.205226
vt 0.053622 0.339370
vt 0.201195 0.339370
vt 0.159839 0.339370
vt 0.166373 0.205226
vt 0.295849 0.205226
vt 0.291907 0.339370
vt 0.245361 0.339370
vt 0.250216 0.205226
vt 0.392345 0.205226
vt 0.390336 0.339370
vt 0.340389 0.339370
vt 0.343379 0.205226
vt 0.492698 0.205226
vt 0.492698 0.339370
vt 0.441269 0.339370
vt 0.442279 0.205226
vt 0.593050 0.205226
vt 0.595060 0.339370
vt 0.544126 0.339370
vt 0.543117 0.205226
vt 0.693488 0.339370
vt 0.645007 0.339370
vt 0.642017 0.205226
vt 0.784200 0.339370
vt 0.740034 0.339370
vt 0.863710 0.339370
vt 0.825557 0.339370
vt 0.819023 0.205226
vt 0.931774 0.339370
vt 0.898639 0.339370
vt 0.890670 0.205226
vt 0.000256 0.000372
vt 0.000256 0.000372
vt 0.000256 0.000372
vt 0.000256 0.000372
vt 0.000256 0.000372
vt 0.000256 0.000372
vt 0.000256 0.000372
vt 0.000256 0.000372
vt 0.000256 0.000372
vt 0.000256 0.000372
vt 0.000256 0.000372
vt 0.000256 0.000372
vt 0.000256 0.000372
vt 0.000256 0.000372
vt 0.000256 0.000372
vt 0.000256 0.000372
vt 0.000256 0.000372
vt 0.000256 0.000372
vt 0.000256 0.000372
vt 0.000256 0.000372
vt 0.000256 0.000372
vt 0.000256 0.000372
vt 0.000256 0.000372
vt 0.000256 0.000372
vt 0.000256 0.000372
vt 0.000256 0.000372
vt 0.000256 0.000372
vt 0.000256 0.000372
vt 0.000256 0.000372
vt 0.000256 0.000372
vt 0.000256 0.000372
vt 0.000256 0.000372
vt 0.000256 0.000372
vt 0.000256 0.000372
vt 0.000256 0.000372
vt 0.000255 0.000372
vt 0.000255 0.000372
vt 0.000255 0.000372
vt 0.000255 0.000372
s 1
usemtl Head
f 283/97/57 635/98/58 793/99/59 792/100/60
f 635/98/58 247/101/61 630/102/62 793/99/59
f 793/99/59 630/102/62 61/103/63 633/104/64
f 792/100/60 793/99/59 633/104/64 281/105/65
f 284/106/66 732/107/67 794/108/68 791/109/69
f 732/107/67 73/110/70 343/111/71 794/108/68
f 794/108/68 343/111/71 79/112/72 733/113/73
f 791/109/69 794/108/68 733/113/73 285/114/74
f 285/114/74 733/113/73 795/115/75 790/116/76
f 733/113/73 79/112/72 353/117/77 795/115/75
f 795/115/75 353/117/77 85/118/78 734/119/79
f 790/116/76 795/115/75 734/119/79 286/120/80
f 286/120/80 734/119/79 796/121/81 789/122/82
f 734/119/79 85/118/78 363/123/83 796/121/81
f 796/121/81 363/123/83 91/124/84 735/125/85
f 789/122/82 796/121/81 735/125/85 287/126/86
f 287/126/86 735/125/85 797/127/87 788/128/88
f 735/125/85 91/124/84 373/129/89 797/127/87
f 797/127/87 373/129/89 97/130/90 736/131/91
f 788/128/88 797/127/87 736/131/91 288/132/92
f 288/132/92 736/131/91 798/133/93 787/134/94
f 736/131/91 97/130/90 383/135/95 798/133/93
f 798/133/93 383/135/95 103/136/96 737/137/97
f 787/134/94 798/133/93 737/137/97 289/138/98
f 289/138/98 737/137/97 799/139/99 786/140/100
f 737/137/97 103/136/96 393/141/101 799/139/99
f 799/139/99 393/141/101 109/142/102 738/143/103
f 786/140/100 799/139/99 738/143/103 290/144/104
f 290/144/104 738/143/103 800/145/105 785/146/106
f 738/143/103 109/142/102 403/147/107 800/145/105
f 800/145/105 403/147/107 115/148/108 739/149/109
f 785/146/106 800/145/105 739/149/109 291/150/110
f 291/150/110 739/149/109 801/151/111 784/152/112
f 739/149/109 115/148/108 413/153/113 801/151/111
f 801/151/111 413/153/113 121/154/114 740/155/115
f 784/152/112 801/151/111 740/155/115 292/156/116
f 292/156/116 740/155/115 802/157/117 783/158/118
f 740/155/115 121/154/114 423/159/119 802/157/117
f 802/157/117 423/159/119 127/160/120 741/161/121
f 783/158/118 802/157/117 741/161/121 293/162/122
f 293/163/122 741/164/121 803/165/123 782/166/124
f 741/164/121 127/167/120 433/168/125 803/165/123
f 803/165/123 433/168/125 133/169/126 742/170/127
f 782/166/124 803/165/123 742/170/127 294/171/128
f 294/171/128 742/170/127 804/172/129 781/173/130
f 742/170/127 133/169/126 443/174/131 804/172/129
f 804/172/129 443/174/131 139/175/132 743/176/133
f 781/173/130 804/172/129 743/176/133 295/177/134
f 295/177/134 743/176/133 805/178/135 780/179/136
f 743/176/133 139/175/132 453/180/137 805/178/135
f 805/178/135 453/180/137 145/181/138 744/182/139
f 780/179/136 805/178/135 744/182/139 296/183/140
f 296/183/140 744/182/139 806/184/141 779/185/142
f 744/182/139 145/181/138 463/186/143 806/184/141
f 806/184/141 463/186/143 151/187/144 745/188/145
f 779/185/142 806/184/141 745/188/145 297/189/146
f 297/189/146 745/188/145 807/190/147 778/191/148
f 745/188/145 151/187/144 473/192/149 807/190/147
f 807/190/147 473/192/149 157/193/150 746/194/151
f 778/191/148 807/190/147 746/194/151 298/195/152
f 298/195/152 746/194/151 808/196/153 777/197/154
f 746/194/151 157/193/150 483/198/155 808/196/153
f 808/196/153 483/198/155 163/199/156 747/200/157
f 777/197/154 808/196/153 747/200/157 299/201/158
f 299/201/158 747/200/157 809/202/159 776/203/160
f 747/200/157 163/199/156 493/204/161 809/202/159
f 809/202/159 493/204/161 169/205/162 748/206/163
f 776/203/160 809/202/159 748/206/163 300/207/164
f 300/207/164 748/206/163 810/208/165 775/209/166
f 748/206/163 169/205/162 503/210/167 810/208/165
f 810/208/165 503/210/167 175/211/168 749/212/169
f 775/209/166 810/208/165 749/212/169 301/213/170
f 301/213/170 749/212/169 811/214/171 774/215/172
f 749/212/169 175/211/168 513/216/173 811/214/171
f 811/214/171 513/216/173 181/217/174 750/218/175
f 774/215/172 811/214/171 750/218/175 302/219/176
f 302/219/176 750/218/175 812/220/177 773/221/178
f 750/218/175 181/217/174 523/222/179 812/220/177
f 812/220/177 523/222/179 187/223/180 751/224/181
f 773/221/178 812/220/177 751/224/181 303/225/182
f 303/226/182 751/227/181 813/228/183 772/229/184
f 751/227/181 187/230/180 533/231/185 813/228/183
f 813/228/183 533/231/185 193/232/186 752/233/187
f 772/229/184 813/228/183 752/233/187 304/234/188
f 304/234/188 752/233/187 814/235/189 771/236/190
f 752/233/187 193/232/186 543/237/191 814/235/189
f 814/235/189 543/237/191 199/238/192 753/239/193
f 771/236/190 814/235/189 753/239/193 305/240/194
f 305/240/194 753/239/193 815/241/195 770/242/196
f 753/239/193 199/238/192 553/243/197 815/241/195
f 815/241/195 553/243/197 205/244/198 754/245/199
f 770/242/196 815/241/195 754/245/199 306/246/200
f 306/246/200 754/245/199 816/247/201 769/248/202
f 754/245/199 205/244/198 563/249/203 816/247/201
f 816/247/201 563/249/203 211/250/204 755/251/205
f 769/248/202 816/247/201 755/251/205 307/252/206
f 307/252/206 755/251/205 817/253/207 768/254/208
f 755/251/205 211/250/204 573/255/209 817/253/207
f 817/253/207 573/255/209 217/256/210 756/257/211
f 768/254/208 817/253/207 756/257/211 308/258/212
f 308/258/212 756/257/211 818/259/213 767/260/214
f 756/257/211 217/256/210 583/261/215 818/259/213
f 818/259/213 583/261/215 223/262/216 757/263/217
f 767/260/214 818/259/213 757/263/217 309/264/218
f 309/264/218 757/263/217 819/265/219 766/266/220
f 757/263/217 223/262/216 593/267/221 819/265/219
f 819/265/219 593/267/221 229/268/222 758/269/223
f 766/266/220 819/265/219 758/269/223 310/270/224
f 310/270/224 758/269/223 820/271/225 765/272/226
f 758/269/223 229/268/222 603/273/227 820/271/225
f 820/271/225 603/273/227 235/274/228 759/275/229
f 765/272/226 820/271/225 759/275/229 311/276/230
f 311/276/230 759/275/229 821/277/231 764/278/232
f 759/275/229 235/274/228 613/279/233 821/277/231
f 821/277/231 613/279/233 241/280/234 760/281/235
f 764/278/232 821/277/231 760/281/235 312/282/236
f 312/283/236 760/284/235 822/285/237 763/286/238
f 760/284/235 241/287/234 623/288/239 822/285/237
f 822/285/237 623/288/239 247/289/61 635/290/58
f 763/286/238 822/285/237 635/290/58 283/97/57
f 66/291/240 326/292/241 823/293/242 336/294/243
f 60/295/244 632/296/245 823/297/242 326/298/241
f 246/299/246 626/300/247 823/301/242 632/296/245
f 240/302/248 616/303/249 823/304/242 626/305/247
f 234/306/250 606/307/251 823/304/242 616/308/249
f 228/309/252 596/310/253 823/311/242 606/312/251
f 222/313/254 586/314/255 823/315/242 596/310/253
f 216/316/256 576/317/257 823/297/242 586/318/255
f 210/319/258 566/320/259 823/321/242 576/322/257
f 204/323/260 556/324/261 823/304/242 566/325/259
f 198/326/262 546/327/263 823/315/242 556/328/261
f 192/329/264 536/330/265 823/311/242 546/331/263
f 186/332/266 526/333/267 823/321/242 536/334/265
f 180/335/268 516/336/269 823/321/242 526/337/267
f 174/338/270 506/339/271 823/340/242 516/341/269
f 168/342/272 496/343/273 823/344/242 506/345/271
f 162/346/274 486/347/275 823/293/242 496/343/273
f 156/348/276 476/349/277 823/350/242 486/351/275
f 150/352/278 466/353/279 823/354/242 476/355/277
f 144/356/280 456/357/281 823/358/242 466/359/279
f 138/360/282 446/361/283 823/362/242 456/363/281
f 132/364/284 436/365/285 823/366/242 446/367/283
f 126/368/286 426/369/287 823/370/242 436/371/285
f 120/372/288 416/373/289 823/374/242 426/369/287
f 114/375/290 406/376/291 823/377/242 416/378/289
f 108/379/292 396/380/293 823/381/242 406/376/291
f 102/382/294 386/383/295 823/384/242 396/380/293
f 96/385/296 376/386/297 823/374/242 386/387/295
f 90/388/298 366/389/299 823/390/242 376/391/297
f 84/392/300 356/393/301 823/390/242 366/389/299
f 78/394/302 346/395/303 823/374/242 356/393/301
f 72/396/304 336/397/243 823/398/242 346/399/303
f 282/400/305 730/401/306 824/402/307 762/403/308
f 730/401/306 67/404/309 333/405/310 824/402/307
f 824/402/307 333/405/310 73/406/70 732/407/67
f 762/403/308 824/402/307 732/407/67 284/408/66
f 58/409/311 314/410/312 825/411/313 313/412/314
f 314/410/312 64/413/315 315/414/316 825/411/313
f 825/411/313 315/414/316 65/415/317 316/416/318
f 313/412/314 825/411/313 316/416/318 59/417/319
f 59/418/319 316/419/318 826/420/320 317/421/321
f 316/419/318 65/422/317 318/423/322 826/420/320
f 826/420/320 318/423/322 63/424/323 319/425/324
f 317/421/321 826/420/320 319/425/324 57/426/325
f 67/427/309 321/428/326 827/429/327 320/430/328
f 321/428/326 61/431/63 322/432/329 827/429/327
f 827/429/327 322/432/329 62/433/330 323/434/331
f 320/430/328 827/429/327 323/434/331 68/435/332
f 68/435/332 323/434/331 828/436/333 324/437/334
f 323/434/331 62/433/330 325/438/335 828/436/333
f 828/436/333 325/438/335 60/439/244 326/292/241
f 324/437/334 828/436/333 326/292/241 66/440/240
f 64/441/315 327/442/336 829/443/337 315/414/316
f 327/442/336 70/444/338 328/445/339 829/443/337
f 829/443/337 328/445/339 71/446/340 329/447/341
f 315/414/316 829/443/337 329/447/341 65/415/317
f 65/422/317 329/448/341 830/449/342 318/423/322
f 329/448/341 71/450/340 330/451/343 830/449/342
f 830/449/342 330/451/343 69/452/344 331/453/345
f 318/423/322 830/449/342 331/453/345 63/424/323
f 73/406/70 333/454/310 831/455/346 332/456/347
f 333/454/310 67/457/309 320/430/328 831/455/346
f 831/455/346 320/430/328 68/435/332 334/458/348
f 332/456/347 831/455/346 334/458/348 74/459/349
f 74/459/349 334/458/348 832/460/350 335/461/351
f 334/458/348 68/435/332 324/437/334 832/460/350
f 832/460/350 324/437/334 66/462/240 336/397/243
f 335/461/351 832/460/350 336/397/243 72/463/304
f 70/464/338 337/465/352 833/466/353 328/467/339
f 337/465/352 76/468/354 338/469/355 833/466/353
f 833/466/353 338/469/355 77/470/356 339/471/357
f 328/467/339 833/466/353 339/471/357 71/446/340
f 71/450/340 339/472/357 834/473/358 330/451/343
f 339/472/357 77/474/356 340/475/359 834/473/358
f 834/473/358 340/475/359 75/476/360 341/477/361
f 330/451/343 834/473/358 341/477/361 69/452/344
f 79/478/72 343/479/71 835/480/362 342/481/363
f 343/479/71 73/482/70 332/483/347 835/480/362
f 835/480/362 332/483/347 74/484/349 344/485/364
f 342/481/363 835/480/362 344/485/364 80/486/365
f 80/486/365 344/487/364 836/488/366 345/489/367
f 344/487/364 74/459/349 335/461/351 836/488/366
f 836/488/366 335/461/351 72/396/304 346/395/303
f 345/489/367 836/488/366 346/395/303 78/490/302
f 76/468/354 347/491/368 837/492/369 338/469/355
f 347/491/368 82/493/370 348/494/371 837/492/369
f 837/492/369 348/494/371 83/495/372 349/496/373
f 338/469/355 837/492/369 349/496/373 77/470/356
f 77/474/356 349/497/373 838/498/374 340/475/359
f 349/497/373 83/499/372 350/500/375 838/498/374
f 838/498/374 350/500/375 81/501/376 351/502/377
f 340/475/359 838/498/374 351/502/377 75/476/360
f 85/118/78 353/503/77 839/504/378 352/505/379
f 353/503/77 79/478/72 342/481/363 839/504/378
f 839/504/378 342/481/363 80/486/365 354/506/380
f 352/505/379 839/504/378 354/506/380 86/507/381
f 86/508/381 354/506/380 840/509/382 355/510/383
f 354/506/380 80/486/365 345/489/367 840/509/382
f 840/509/382 345/489/367 78/490/302 356/393/301
f 355/510/383 840/509/382 356/393/301 84/511/300
f 82/493/370 357/512/384 841/513/385 348/494/371
f 357/512/384 88/514/386 358/515/387 841/513/385
f 841/513/385 358/515/387 89/516/388 359/517/389
f 348/494/371 841/513/385 359/517/389 83/495/372
f 83/499/372 359/518/389 842/519/390 350/500/375
f 359/518/389 89/520/388 360/521/391 842/519/390
f 842/519/390 360/521/391 87/522/392 361/523/393
f 350/500/375 842/519/390 361/523/393 81/501/376
f 91/524/84 363/525/83 843/526/394 362/527/395
f 363/525/83 85/118/78 352/505/379 843/526/394
f 843/526/394 352/505/379 86/507/381 364/528/396
f 362/527/395 843/526/394 364/528/396 92/529/397
f 92/530/397 364/528/396 844/531/398 365/532/399
f 364/528/396 86/508/381 355/510/383 844/531/398
f 844/531/398 355/510/383 84/533/300 366/389/299
f 365/532/399 844/531/398 366/389/299 90/534/298
f 88/514/386 367/535/400 845/536/401 358/515/387
f 367/535/400 94/537/402 368/538/403 845/536/401
f 845/536/401 368/538/403 95/539/404 369/540/405
f 358/515/387 845/536/401 369/540/405 89/516/388
f 89/520/388 369/541/405 846/542/406 360/521/391
f 369/541/405 95/543/404 370/544/407 846/542/406
f 846/542/406 370/544/407 93/545/408 371/546/409
f 360/521/391 846/542/406 371/546/409 87/522/392
f 97/130/90 373/129/89 847/547/410 372/548/411
f 373/129/89 91/524/84 362/527/395 847/547/410
f 847/547/410 362/527/395 92/529/397 374/549/412
f 372/548/411 847/547/410 374/549/412 98/550/413
f 98/551/413 374/549/412 848/552/414 375/553/415
f 374/549/412 92/530/397 365/532/399 848/552/414
f 848/552/414 365/532/399 90/554/298 376/386/297
f 375/553/415 848/552/414 376/386/297 96/555/296
f 94/537/402 377/556/416 849/557/417 368/538/403
f 377/556/416 100/558/418 378/559/419 849/557/417
f 849/557/417 378/559/419 101/560/420 379/561/421
f 368/538/403 849/557/417 379/561/421 95/539/404
f 95/543/404 379/562/421 850/563/422 370/544/407
f 379/562/421 101/564/420 380/565/423 850/563/422
f 850/563/422 380/565/423 99/566/424 381/567/425
f 370/544/407 850/563/422 381/567/425 93/545/408
f 103/568/96 383/569/95 851/570/426 382/571/427
f 383/569/95 97/130/90 372/548/411 851/570/426
f 851/570/426 372/548/411 98/550/413 384/572/428
f 382/571/427 851/570/426 384/572/428 104/573/429
f 104/574/429 384/575/428 852/576/430 385/577/431
f 384/575/428 98/551/413 375/553/415 852/576/430
f 852/576/430 375/553/415 96/385/296 386/383/295
f 385/577/431 852/576/430 386/383/295 102/578/294
f 100/558/418 387/579/432 853/580/433 378/559/419
f 387/579/432 106/581/434 388/582/435 853/580/433
f 853/580/433 388/582/435 107/583/436 389/584/437
f 378/559/419 853/580/433 389/584/437 101/560/420
f 101/564/420 389/585/437 854/586/438 380/565/423
f 389/585/437 107/587/436 390/588/439 854/586/438
f 854/586/438 390/588/439 105/589/440 391/590/441
f 380/565/423 854/586/438 391/590/441 99/566/424
f 109/591/102 393/141/101 855/592/442 392/593/443
f 393/141/101 103/568/96 382/571/427 855/592/442
f 855/592/442 382/571/427 104/573/429 394/594/444
f 392/593/443 855/592/442 394/594/444 110/595/445
f 110/596/445 394/597/444 856/598/446 395/599/447
f 394/597/444 104/574/429 385/577/431 856/598/446
f 856/598/446 385/577/431 102/578/294 396/380/293
f 395/599/447 856/598/446 396/380/293 108/600/292
f 106/581/434 397/601/448 857/602/449 388/582/435
f 397/601/448 112/603/450 398/604/451 857/602/449
f 857/602/449 398/604/451 113/605/452 399/606/453
f 388/582/435 857/602/449 399/606/453 107/583/436
f 107/587/436 399/607/453 858/608/454 390/588/439
f 399/607/453 113/609/452 400/610/455 858/608/454
f 858/608/454 400/610/455 111/611/456 401/612/457
f 390/588/439 858/608/454 401/612/457 105/589/440
f 115/613/108 403/614/107 859/615/458 402/616/459
f 403/614/107 109/591/102 392/593/443 859/615/458
f 859/615/458 392/593/443 110/595/445 404/617/460
f 402/616/459 859/615/458 404/617/460 116/618/461
f 116/619/461 404/620/460 860/621/462 405/622/463
f 404/620/460 110/596/445 395/599/447 860/621/462
f 860/621/462 395/599/447 108/623/292 406/376/291
f 405/622/463 860/621/462 406/376/291 114/375/290
f 112/603/450 407/624/464 861/625/465 398/604/451
f 407/624/464 118/626/466 408/627/467 861/625/465
f 861/625/465 408/627/467 119/628/468 409/629/469
f 398/604/451 861/625/465 409/629/469 113/605/452
f 113/609/452 409/630/469 862/631/470 400/610/455
f 409/630/469 119/632/468 410/633/471 862/631/470
f 862/631/470 410/633/471 117/634/472 411/635/473
f 400/610/455 862/631/470 411/635/473 111/611/456
f 121/154/114 413/636/113 863/637/474 412/638/475
f 413/636/113 115/613/108 402/616/459 863/637/474
f 863/637/474 402/616/459 116/618/461 414/639/476
f 412/638/475 863/637/474 414/639/476 122/640/477
f 122/641/477 414/642/476 864/643/478 415/644/479
f 414/642/476 116/619/461 405/622/463 864/643/478
f 864/643/478 405/622/463 114/645/290 416/373/289
f 415/644/479 864/643/478 416/373/289 120/646/288
f 118/626/466 417/647/480 865/648/481 408/627/467
f 417/647/480 124/649/482 418/650/483 865/648/481
f 865/648/481 418/650/483 125/651/484 419/652/485
f 408/627/467 865/648/481 419/652/485 119/628/468
f 119/632/468 419/653/485 866/654/486 410/633/471
f 419/653/485 125/655/484 420/656/487 866/654/486
f 866/654/486 420/656/487 123/657/488 421/658/489
f 410/633/471 866/654/486 421/658/489 117/634/472
f 127/160/120 423/159/119 867/659/490 422/660/491
f 423/159/119 121/661/114 412/638/475 867/659/490
f 867/659/490 412/638/475 122/641/477 424/662/492
f 422/660/491 867/659/490 424/662/492 128/663/493
f 128/664/493 424/662/492 868/665/494 425/666/495
f 424/662/492 122/641/477 415/644/479 868/665/494
f 868/665/494 415/644/479 120/372/288 426/369/287
f 425/666/495 868/665/494 426/369/287 126/667/286
f 124/668/482 427/669/496 869/670/497 418/671/483
f 427/669/496 130/672/498 428/673/499 869/670/497
f 869/670/497 428/673/499 131/674/500 429/675/501
f 418/671/483 869/670/497 429/675/501 125/676/484
f 125/655/484 429/677/501 870/678/502 420/656/487
f 429/677/501 131/679/500 430/680/503 870/678/502
f 870/678/502 430/680/503 129/681/504 431/682/505
f 420/656/487 870/678/502 431/682/505 123/657/488
f 133/683/126 433/684/125 871/685/506 432/686/507
f 433/684/125 127/167/120 422/687/491 871/685/506
f 871/685/506 422/687/491 128/688/493 434/689/508
f 432/686/507 871/685/506 434/689/508 134/690/509
f 134/691/509 434/692/508 872/693/510 435/694/511
f 434/692/508 128/695/493 425/666/495 872/693/510
f 872/693/510 425/666/495 126/696/286 436/365/285
f 435/694/511 872/693/510 436/365/285 132/697/284
f 130/672/498 437/698/512 873/699/513 428/673/499
f 437/698/512 136/700/514 438/701/515 873/699/513
f 873/699/513 438/701/515 137/702/516 439/703/517
f 428/673/499 873/699/513 439/703/517 131/674/500
f 131/679/500 439/704/517 874/705/518 430/680/503
f 439/704/517 137/706/516 440/707/519 874/705/518
f 874/705/518 440/707/519 135/708/520 441/709/521
f 430/680/503 874/705/518 441/709/521 129/681/504
f 139/175/132 443/710/131 875/711/522 442/712/523
f 443/710/131 133/169/126 432/713/507 875/711/522
f 875/711/522 432/713/507 134/714/509 444/715/524
f 442/712/523 875/711/522 444/715/524 140/716/525
f 140/717/525 444/718/524 876/719/526 445/720/527
f 444/718/524 134/691/509 435/694/511 876/719/526
f 876/719/526 435/694/511 132/721/284 446/361/283
f 445/720/527 876/719/526 446/361/283 138/722/282
f 136/700/514 447/723/528 877/724/529 438/701/515
f 447/723/528 142/725/530 448/726/531 877/724/529
f 877/724/529 448/726/531 143/727/532 449/728/533
f 438/701/515 877/724/529 449/728/533 137/702/516
f 137/706/516 449/729/533 878/730/534 440/707/519
f 449/729/533 143/731/532 450/732/535 878/730/534
f 878/730/534 450/732/535 141/733/536 451/734/537
f 440/707/519 878/730/534 451/734/537 135/708/520
f 145/735/138 453/736/137 879/737/538 452/738/539
f 453/736/137 139/175/132 442/712/523 879/737/538
f 879/737/538 442/712/523 140/716/525 454/739/540
f 452/738/539 879/737/538 454/739/540 146/740/541
f 146/741/541 454/742/540 880/743/542 455/744/543
f 454/742/540 140/717/525 445/720/527 880/743/542
f 880/743/542 445/720/527 138/745/282 456/357/281
f 455/744/543 880/743/542 456/357/281 144/356/280
f 142/725/530 457/746/544 881/747/545 448/726/531
f 457/746/544 148/748/546 458/749/547 881/747/545
f 881/747/545 458/749/547 149/750/548 459/751/549
f 448/726/531 881/747/545 459/751/549 143/727/532
f 143/731/532 459/752/549 882/753/550 450/732/535
f 459/752/549 149/754/548 460/755/551 882/753/550
f 882/753/550 460/755/551 147/756/552 461/757/553
f 450/732/535 882/753/550 461/757/553 141/733/536
f 151/758/144 463/186/143 883/759/554 462/760/555
f 463/186/143 145/735/138 452/738/539 883/759/554
f 883/759/554 452/738/539 146/740/541 464/761/556
f 462/760/555 883/759/554 464/761/556 152/762/557
f 152/763/557 464/764/556 884/765/558 465/766/559
f 464/764/556 146/741/541 455/744/543 884/765/558
f 884/765/558 455/744/543 144/767/280 466/353/279
f 465/766/559 884/765/558 466/353/279 150/352/278
f 148/748/546 467/768/560 885/769/561 458/749/547
f 467/768/560 154/770/562 468/771/563 885/769/561
f 885/769/561 468/771/563 155/772/564 469/773/565
f 458/749/547 885/769/561 469/773/565 149/750/548
f 149/754/548 469/774/565 886/775/566 460/755/551
f 469/774/565 155/776/564 470/777/567 886/775/566
f 886/775/566 470/777/567 153/778/568 471/779/569
f 460/755/551 886/775/566 471/779/569 147/756/552
f 157/780/150 473/192/149 887/781/570 472/782/571
f 473/192/149 151/758/144 462/760/555 887/781/570
f 887/781/570 462/760/555 152/762/557 474/783/572
f 472/782/571 887/781/570 474/783/572 158/784/573
f 158/785/573 474/786/572 888/787/574 475/788/575
f 474/786/572 152/763/557 465/766/559 888/787/574
f 888/787/574 465/766/559 150/789/278 476/349/277
f 475/788/575 888/787/574 476/349/277 156/790/276
f 154/770/562 477/791/576 889/792/577 468/771/563
f 477/791/576 160/793/578 478/794/579 889/792/577
f 889/792/577 478/794/579 161/795/580 479/796/581
f 468/771/563 889/792/577 479/796/581 155/772/564
f 155/776/564 479/797/581 890/798/582 470/777/567
f 479/797/581 161/799/580 480/800/583 890/798/582
f 890/798/582 480/800/583 159/801/584 481/802/585
f 470/777/567 890/798/582 481/802/585 153/778/568
f 163/803/156 483/198/155 891/804/586 482/805/587
f 483/198/155 157/780/150 472/782/571 891/804/586
f 891/804/586 472/782/571 158/784/573 484/806/588
f 482/805/587 891/804/586 484/806/588 164/807/589
f 164/808/589 484/809/588 892/810/590 485/811/591
f 484/809/588 158/785/573 475/788/575 892/810/590
f 892/810/590 475/788/575 156/812/276 486/347/275
f 485/811/591 892/810/590 486/347/275 162/813/274
f 160/793/578 487/814/592 893/815/593 478/794/579
f 487/814/592 166/816/594 488/817/595 893/815/593
f 893/815/593 488/817/595 167/818/596 489/819/597
f 478/794/579 893/815/593 489/819/597 161/795/580
f 161/799/580 489/820/597 894/821/598 480/800/583
f 489/820/597 167/822/596 490/823/599 894/821/598
f 894/821/598 490/823/599 165/824/600 491/825/601
f 480/800/583 894/821/598 491/825/601 159/801/584
f 169/826/162 493/827/161 895/828/602 492/829/603
f 493/827/161 163/803/156 482/805/587 895/828/602
f 895/828/602 482/805/587 164/807/589 494/830/604
f 492/829/603 895/828/602 494/830/604 170/831/605
f 170/832/605 494/833/604 896/834/606 495/835/607
f 494/833/604 164/808/589 485/811/591 896/834/606
f 896/834/606 485/811/591 162/346/274 496/343/273
f 495/835/607 896/834/606 496/343/273 168/836/272
f 166/816/594 497/837/608 897/838/609 488/817/595
f 497/837/608 172/839/610 498/840/611 897/838/609
f 897/838/609 498/840/611 173/841/612 499/842/613
f 488/817/595 897/838/609 499/842/613 167/818/596
f 167/822/596 499/843/613 898/844/614 490/823/599
f 499/843/613 173/845/612 500/846/615 898/844/614
f 898/844/614 500/846/615 171/847/616 501/848/617
f 490/823/599 898/844/614 501/848/617 165/824/600
f 175/849/168 503/210/167 899/850/618 502/851/619
f 503/210/167 169/826/162 492/829/603 899/850/618
f 899/850/618 492/829/603 170/831/605 504/852/620
f 502/851/619 899/850/618 504/852/620 176/853/621
f 176/854/621 504/855/620 900/856/622 505/857/623
f 504/855/620 170/832/605 495/835/607 900/856/622
f 900/856/622 495/835/607 168/342/272 506/339/271
f 505/857/623 900/856/622 506/339/271 174/858/270
f 172/839/610 507/859/624 901/860/625 498/840/611
f 507/859/624 178/861/626 508/862/627 901/860/625
f 901/860/625 508/862/627 179/863/628 509/864/629
f 498/840/611 901/860/625 509/864/629 173/841/612
f 173/845/612 509/865/629 902/866/630 500/846/615
f 509/865/629 179/867/628 510/868/631 902/866/630
f 902/866/630 510/868/631 177/869/632 511/870/633
f 500/846/615 902/866/630 511/870/633 171/847/616
f 181/871/174 513/872/173 903/873/634 512/874/635
f 513/872/173 175/849/168 502/851/619 903/873/634
f 903/873/634 502/851/619 176/853/621 514/875/636
f 512/874/635 903/873/634 514/875/636 182/876/637
f 182/877/637 514/878/636 904/879/638 515/880/639
f 514/878/636 176/854/621 505/857/623 904/879/638
f 904/879/638 505/857/623 174/338/270 516/336/269
f 515/880/639 904/879/638 516/336/269 180/335/268
f 178/861/626 517/881/640 905/882/641 508/862/627
f 517/881/640 184/883/642 518/884/643 905/882/641
f 905/882/641 518/884/643 185/885/644 519/886/645
f 508/862/627 905/882/641 519/886/645 179/863/628
f 179/867/628 519/887/645 906/888/646 510/868/631
f 519/887/645 185/889/644 520/890/647 906/888/646
f 906/888/646 520/890/647 183/891/648 521/892/649
f 510/868/631 906/888/646 521/892/649 177/869/632
f 187/223/180 523/893/179 907/894/650 522/895/651
f 523/893/179 181/871/174 512/896/635 907/894/650
f 907/894/650 512/896/635 182/876/637 524/897/652
f 522/895/651 907/894/650 524/897/652 188/898/653
f 188/899/653 524/900/652 908/901/654 525/902/655
f 524/900/652 182/877/637 515/880/639 908/901/654
f 908/901/654 515/880/639 180/903/268 526/333/267
f 525/902/655 908/901/654 526/333/267 186/332/266
f 184/904/642 527/905/656 909/906/657 518/907/643
f 527/905/656 190/908/658 528/909/659 909/906/657
f 909/906/657 528/909/659 191/910/660 529/911/661
f 518/907/643 909/906/657 529/911/661 185/912/644
f 185/889/644 529/913/661 910/914/662 520/890/647
f 529/913/661 191/915/660 530/916/663 910/914/662
f 910/914/662 530/916/663 189/917/664 531/918/665
f 520/890/647 910/914/662 531/918/665 183/891/648
f 193/919/186 533/920/185 911/921/666 532/922/667
f 533/920/185 187/230/180 522/923/651 911/921/666
f 911/921/666 522/923/651 188/924/653 534/925/668
f 532/922/667 911/921/666 534/925/668 194/926/669
f 194/926/669 534/925/668 912/927/670 535/928/671
f 534/925/668 188/929/653 525/902/655 912/927/670
f 912/927/670 525/902/655 186/930/266 536/330/265
f 535/928/671 912/927/670 536/330/265 192/931/264
f 190/908/658 537/932/672 913/933/673 528/909/659
f 537/932/672 196/934/674 538/935/675 913/933/673
f 913/933/673 538/935/675 197/936/676 539/937/677
f 528/909/659 913/933/673 539/937/677 191/910/660
f 191/915/660 539/938/677 914/939/678 530/916/663
f 539/938/677 197/940/676 540/941/679 914/939/678
f 914/939/678 540/941/679 195/942/680 541/943/681
f 530/916/663 914/939/678 541/943/681 189/917/664
f 199/238/192 543/944/191 915/945/682 542/946/683
f 543/944/191 193/947/186 532/948/667 915/945/682
f 915/945/682 532/948/667 194/949/669 544/950/684
f 542/946/683 915/945/682 544/950/684 200/951/685
f 200/952/685 544/953/684 916/954/686 545/955/687
f 544/953/684 194/926/669 535/928/671 916/954/686
f 916/954/686 535/928/671 192/931/264 546/327/263
f 545/955/687 916/954/686 546/327/263 198/956/262
f 196/934/674 547/957/688 917/958/689 538/935/675
f 547/957/688 202/959/690 548/960/691 917/958/689
f 917/958/689 548/960/691 203/961/692 549/962/693
f 538/935/675 917/958/689 549/962/693 197/936/676
f 197/940/676 549/963/693 918/964/694 540/941/679
f 549/963/693 203/965/692 550/966/695 918/964/694
f 918/964/694 550/966/695 201/967/696 551/968/697
f 540/941/679 918/964/694 551/968/697 195/942/680
f 205/969/198 553/970/197 919/971/698 552/972/699
f 553/970/197 199/238/192 542/946/683 919/971/698
f 919/971/698 542/946/683 200/951/685 554/973/700
f 552/972/699 919/971/698 554/973/700 206/974/701
f 206/975/701 554/976/700 920/977/702 555/978/703
f 554/976/700 200/952/685 545/955/687 920/977/702
f 920/977/702 545/955/687 198/979/262 556/324/261
f 555/978/703 920/977/702 556/324/261 204/323/260
f 202/959/690 557/980/704 921/981/705 548/960/691
f 557/980/704 208/982/706 558/983/707 921/981/705
f 921/981/705 558/983/707 209/984/708 559/985/709
f 548/960/691 921/981/705 559/985/709 203/961/692
f 203/965/692 559/986/709 922/987/710 550/966/695
f 559/986/709 209/988/708 560/989/711 922/987/710
f 922/987/710 560/989/711 207/990/712 561/991/713
f 550/966/695 922/987/710 561/991/713 201/967/696
f 211/250/204 563/249/203 923/992/714 562/993/715
f 563/249/203 205/969/198 552/972/699 923/992/714
f 923/992/714 552/972/699 206/974/701 564/994/716
f 562/993/715 923/992/714 564/994/716 212/995/717
f 212/996/717 564/997/716 924/998/718 565/999/719
f 564/997/716 206/975/701 555/978/703 924/998/718
f 924/998/718 555/978/703 204/1000/260 566/320/259
f 565/999/719 924/998/718 566/320/259 210/319/258
f 208/982/706 567/1001/720 925/1002/721 558/983/707
f 567/1001/720 214/1003/722 568/1004/723 925/1002/721
f 925/1002/721 568/1004/723 215/1005/724 569/1006/725
f 558/983/707 925/1002/721 569/1006/725 209/984/708
f 209/988/708 569/1007/725 926/1008/726 560/989/711
f 569/1007/725 215/1009/724 570/1010/727 926/1008/726
f 926/1008/726 570/1010/727 213/1011/728 571/1012/729
f 560/989/711 926/1008/726 571/1012/729 207/990/712
f 217/256/210 573/255/209 927/1013/730 572/1014/731
f 573/255/209 211/250/204 562/993/715 927/1013/730
f 927/1013/730 562/993/715 212/995/717 574/1015/732
f 572/1014/731 927/1013/730 574/1015/732 218/1016/733
f 218/1017/733 574/1018/732 928/1019/734 575/1020/735
f 574/1018/732 212/996/717 565/999/719 928/1019/734
f 928/1019/734 565/999/719 210/1021/258 576/317/257
f 575/1020/735 928/1019/734 576/317/257 216/1022/256
f 214/1003/722 577/1023/736 929/1024/737 568/1004/723
f 577/1023/736 220/1025/738 578/1026/739 929/1024/737
f 929/1024/737 578/1026/739 221/1027/740 579/1028/741
f 568/1004/723 929/1024/737 579/1028/741 215/1005/724
f 215/1009/724 579/1029/741 930/1030/742 570/1010/727
f 579/1029/741 221/1031/740 580/1032/743 930/1030/742
f 930/1030/742 580/1032/743 219/1033/744 581/1034/745
f 570/1010/727 930/1030/742 581/1034/745 213/1011/728
f 223/262/216 583/1035/215 931/1036/746 582/1037/747
f 583/1035/215 217/256/210 572/1014/731 931/1036/746
f 931/1036/746 572/1014/731 218/1016/733 584/1038/748
f 582/1037/747 931/1036/746 584/1038/748 224/1039/749
f 224/1040/749 584/1038/748 932/1041/750 585/1042/751
f 584/1038/748 218/1017/733 575/1020/735 932/1041/750
f 932/1041/750 575/1020/735 216/316/256 586/314/255
f 585/1042/751 932/1041/750 586/314/255 222/313/254
f 220/1025/738 587/1043/752 933/1044/753 578/1026/739
f 587/1043/752 226/1045/754 588/1046/755 933/1044/753
f 933/1044/753 588/1046/755 227/1047/756 589/1048/757
f 578/1026/739 933/1044/753 589/1048/757 221/1027/740
f 221/1031/740 589/1049/757 934/1050/758 580/1032/743
f 589/1049/757 227/1051/756 590/1052/759 934/1050/758
f 934/1050/758 590/1052/759 225/1053/760 591/1054/761
f 580/1032/743 934/1050/758 591/1054/761 219/1033/744
f 229/268/222 593/1055/221 935/1056/762 592/1057/763
f 593/1055/221 223/262/216 582/1037/747 935/1056/762
f 935/1056/762 582/1037/747 224/1039/749 594/1058/764
f 592/1057/763 935/1056/762 594/1058/764 230/1059/765
f 230/1060/765 594/1058/764 936/1061/766 595/1062/767
f 594/1058/764 224/1040/749 585/1042/751 936/1061/766
f 936/1061/766 585/1042/751 222/1063/254 596/310/253
f 595/1062/767 936/1061/766 596/310/253 228/1064/252
f 226/1045/754 597/1065/768 937/1066/769 588/1046/755
f 597/1065/768 232/1067/770 598/1068/771 937/1066/769
f 937/1066/769 598/1068/771 233/1069/772 599/1070/773
f 588/1046/755 937/1066/769 599/1070/773 227/1047/756
f 227/1051/756 599/1071/773 938/1072/774 590/1052/759
f 599/1071/773 233/1073/772 600/1074/775 938/1072/774
f 938/1072/774 600/1074/775 231/1075/776 601/1076/777
f 590/1052/759 938/1072/774 601/1076/777 225/1053/760
f 235/274/228 603/273/227 939/1077/778 602/1078/779
f 603/273/227 229/268/222 592/1057/763 939/1077/778
f 939/1077/778 592/1057/763 230/1059/765 604/1079/780
f 602/1078/779 939/1077/778 604/1079/780 236/1080/781
f 236/1081/781 604/1082/780 940/1083/782 605/1084/783
f 604/1082/780 230/1060/765 595/1062/767 940/1083/782
f 940/1083/782 595/1062/767 228/1064/252 606/307/251
f 605/1084/783 940/1083/782 606/307/251 234/1085/250
f 232/1067/770 607/1086/784 941/1087/785 598/1068/771
f 607/1086/784 238/1088/786 608/1089/787 941/1087/785
f 941/1087/785 608/1089/787 239/1090/788 609/1091/789
f 598/1068/771 941/1087/785 609/1091/789 233/1069/772
f 233/1073/772 609/1092/789 942/1093/790 600/1074/775
f 609/1092/789 239/1094/788 610/1095/791 942/1093/790
f 942/1093/790 610/1095/791 237/1096/792 611/1097/793
f 600/1074/775 942/1093/790 611/1097/793 231/1075/776
f 241/1098/234 613/1099/233 943/1100/794 612/1101/795
f 613/1099/233 235/274/228 602/1078/779 943/1100/794
f 943/1100/794 602/1078/779 236/1080/781 614/1102/796
f 612/1101/795 943/1100/794 614/1102/796 242/1103/797
f 242/1103/797 614/1104/796 944/1105/798 615/1106/799
f 614/1104/796 236/1081/781 605/1084/783 944/1105/798
f 944/1105/798 605/1084/783 234/1107/250 616/303/249
f 615/1106/799 944/1105/798 616/303/249 240/1108/248
f 238/1109/786 617/1110/800 945/1111/801 608/1112/787
f 617/1110/800 244/1113/802 618/1114/803 945/1111/801
f 945/1111/801 618/1114/803 245/1115/804 619/1116/805
f 608/1112/787 945/1111/801 619/1116/805 239/1090/788
f 239/1094/788 619/1117/805 946/1118/806 610/1095/791
f 619/1117/805 245/1119/804 620/1120/807 946/1118/806
f 946/1118/806 620/1120/807 243/1121/808 621/1122/809
f 610/1095/791 946/1118/806 621/1122/809 237/1096/792
f 247/1123/61 623/1124/239 947/1125/810 622/1126/811
f 623/1124/239 241/1127/234 612/1101/795 947/1125/810
f 947/1125/810 612/1101/795 242/1103/797 624/1128/812
f 622/1126/811 947/1125/810 624/1128/812 248/1129/813
f 248/1129/813 624/1128/812 948/1130/814 625/1131/815
f 624/1128/812 242/1103/797 615/1106/799 948/1130/814
f 948/1130/814 615/1106/799 240/1132/248 626/300/247
f 625/1131/815 948/1130/814 626/300/247 246/1133/246
f 244/1134/802 627/1135/816 949/1136/817 618/1114/803
f 627/1135/816 58/409/311 313/412/314 949/1136/817
f 949/1136/817 313/412/314 59/417/319 628/1137/818
f 618/1114/803 949/1136/817 628/1137/818 245/1115/804
f 245/1119/804 628/1138/818 950/1139/819 620/1120/807
f 628/1138/818 59/418/319 317/421/321 950/1139/819
f 950/1139/819 317/421/321 57/426/325 629/1140/820
f 620/1120/807 950/1139/819 629/1140/820 243/1121/808
f 61/431/63 630/1141/62 951/1142/821 322/432/329
f 630/1141/62 247/1143/61 622/1126/811 951/1142/821
f 951/1142/821 622/1126/811 248/1129/813 631/1144/822
f 322/432/329 951/1142/821 631/1144/822 62/433/330
f 62/433/330 631/1144/822 952/1145/823 325/438/335
f 631/1144/822 248/1129/813 625/1131/815 952/1145/823
f 952/1145/823 625/1131/815 246/1146/246 632/296/245
f 325/438/335 952/1145/823 632/296/245 60/1147/244
f 237/1148/792 621/1122/809 953/1149/824 698/1148/825
f 621/1122/809 243/1121/808 697/1150/826 953/1149/824
f 953/1149/824 697/1150/826 280/1150/827 695/1122/828
f 698/1148/825 953/1149/824 695/1122/828 279/1148/829
f 250/1151/830 665/1152/831 954/1153/832 696/1154/833
f 249/1155/834 666/1156/835 954/1157/832 665/1158/831
f 251/1159/836 667/1160/837 954/1161/832 666/1156/835
f 252/1162/838 668/1163/839 954/1164/832 667/1160/837
f 253/1165/840 669/1166/841 954/1167/832 668/1163/839
f 254/1168/842 670/1169/843 954/1167/832 669/1166/841
f 255/1170/844 671/1171/845 954/1172/832 670/1173/843
f 256/1174/846 672/1175/847 954/1164/832 671/1171/845
f 257/1176/848 673/1177/849 954/1178/832 672/1175/847
f 258/1179/850 674/1180/851 954/1167/832 673/1181/849
f 259/1182/852 675/1183/853 954/1178/832 674/1184/851
f 260/1185/854 676/1186/855 954/1164/832 675/1183/853
f 261/1187/856 677/1188/857 954/1153/832 676/1186/855
f 262/1189/858 678/1190/859 954/1191/832 677/1188/857
f 263/1192/860 679/1193/861 954/1194/832 678/1190/859
f 264/1195/862 680/1196/863 954/1194/832 679/1197/861
f 265/1198/864 681/1199/865 954/1200/832 680/1196/863
f 266/1201/866 682/1202/867 954/1203/832 681/1199/865
f 267/1204/868 683/1205/869 954/1206/832 682/1207/867
f 268/1208/870 684/1209/871 954/1206/832 683/1205/869
f 269/1210/872 685/1211/873 954/1212/832 684/1209/871
f 270/1213/874 686/1214/875 954/1215/832 685/1211/873
f 271/1216/876 687/1217/877 954/1218/832 686/1214/875
f 272/1219/878 688/1220/879 954/1215/832 687/1221/877
f 273/1222/880 689/1223/881 954/1215/832 688/1224/879
f 274/1225/882 690/1226/883 954/1212/832 689/1223/881
f 275/1227/884 691/1228/885 954/1229/832 690/1226/883
f 276/1230/886 692/1231/887 954/1215/832 691/1232/885
f 277/1233/888 693/1234/889 954/1235/832 692/1231/887
f 278/1236/890 694/1237/891 954/1206/832 693/1234/889
f 279/1238/829 695/1239/828 954/1203/832 694/1237/891
f 280/1240/827 696/1241/833 954/1203/832 695/1239/828
f 213/1011/728 581/1242/745 955/1243/892 700/1244/893
f 581/1242/745 219/1033/744 699/1245/894 955/1243/892
f 955/1243/892 699/1245/894 276/1245/886 691/1246/885
f 700/1244/893 955/1243/892 691/1246/885 275/1247/884
f 189/917/664 541/1248/681 956/1249/895 702/1250/896
f 541/1248/681 195/942/680 701/1251/897 956/1249/895
f 956/1249/895 701/1251/897 272/942/878 687/1248/877
f 702/1250/896 956/1249/895 687/1248/877 271/917/876
f 165/824/600 501/1252/617 957/848/898 704/1253/899
f 501/1252/617 171/1254/616 703/1254/900 957/848/898
f 957/848/898 703/1254/900 268/1255/870 683/1256/869
f 704/1253/899 957/848/898 683/1256/869 267/1253/868
f 141/733/536 461/1257/553 958/1258/901 706/1259/902
f 461/1257/553 147/756/552 705/1260/903 958/1258/901
f 958/1258/901 705/1260/903 264/1260/862 679/757/861
f 706/1259/902 958/1258/901 679/757/861 263/1261/860
f 117/1262/472 421/1263/489 959/1264/904 708/1262/905
f 421/1263/489 123/1265/488 707/1266/906 959/1264/904
f 959/1264/904 707/1266/906 260/1265/854 675/1264/853
f 708/1262/905 959/1264/904 675/1264/853 259/1262/852
f 93/545/408 381/1267/425 960/1268/907 710/1269/908
f 381/1267/425 99/1270/424 709/1271/909 960/1268/907
f 960/1268/907 709/1271/909 256/1271/846 671/567/845
f 710/1269/908 960/1268/907 671/567/845 255/545/844
f 69/1272/344 341/1273/361 961/1274/910 712/1275/911
f 341/1273/361 75/476/360 711/1276/912 961/1274/910
f 961/1274/910 711/1276/912 252/1277/838 667/1274/837
f 712/1275/911 961/1274/910 667/1274/837 251/452/836
f 231/1075/776 611/1278/793 962/1097/913 713/1279/914
f 611/1278/793 237/1148/792 698/1148/825 962/1097/913
f 962/1097/913 698/1148/825 279/1148/829 694/1280/891
f 713/1279/914 962/1097/913 694/1280/891 278/1281/890
f 207/1282/712 571/1283/729 963/1284/915 714/1285/916
f 571/1283/729 213/1011/728 700/1244/893 963/1284/915
f 963/1284/915 700/1244/893 275/1247/884 690/1286/883
f 714/1285/916 963/1284/915 690/1286/883 274/1287/882
f 183/1288/648 531/918/665 964/1289/917 715/1288/918
f 531/918/665 189/917/664 702/1250/896 964/1289/917
f 964/1289/917 702/1250/896 271/917/876 686/1290/875
f 715/1288/918 964/1289/917 686/1290/875 270/1288/874
f 159/801/584 491/825/601 965/1291/919 716/1292/920
f 491/825/601 165/824/600 704/1253/899 965/1291/919
f 965/1291/919 704/1253/899 267/1253/868 682/1293/867
f 716/1292/920 965/1291/919 682/1293/867 266/1294/866
f 135/1295/520 451/1296/537 966/1297/921 717/1298/922
f 451/1296/537 141/733/536 706/1259/902 966/1297/921
f 966/1297/921 706/1259/902 263/1261/860 678/1296/859
f 717/1298/922 966/1297/921 678/1296/859 262/708/858
f 111/611/456 411/635/473 967/1299/923 718/1300/924
f 411/635/473 117/1262/472 708/1262/905 967/1299/923
f 967/1299/923 708/1262/905 259/1262/852 674/635/851
f 718/1300/924 967/1299/923 674/635/851 258/1301/850
f 87/522/392 371/1302/409 968/1303/925 719/1304/926
f 371/1302/409 93/545/408 710/1269/908 968/1303/925
f 968/1303/925 710/1269/908 255/545/844 670/1303/843
f 719/1304/926 968/1303/925 670/1303/843 254/1305/842
f 63/424/323 331/453/345 969/1306/927 720/1307/928
f 331/453/345 69/1272/344 712/1275/911 969/1306/927
f 969/1306/927 712/1275/911 251/452/836 666/453/835
f 720/1307/928 969/1306/927 666/453/835 249/1307/834
f 57/426/325 319/425/324 970/1308/929 721/426/930
f 319/425/324 63/424/323 720/1307/928 970/1308/929
f 970/1308/929 720/1307/928 249/1307/834 665/1309/831
f 721/426/930 970/1308/929 665/1309/831 250/426/830
f 225/1310/760 601/1076/777 971/1311/931 722/1312/932
f 601/1076/777 231/1075/776 713/1279/914 971/1311/931
f 971/1311/931 713/1279/914 278/1281/890 693/1311/889
f 722/1312/932 971/1311/931 693/1311/889 277/1310/888
f 201/967/696 561/1313/713 972/1314/933 723/1315/934
f 561/1313/713 207/1282/712 714/1285/916 972/1314/933
f 972/1314/933 714/1285/916 274/1287/882 689/1313/881
f 723/1315/934 972/1314/933 689/1313/881 273/967/880
f 177/869/632 521/1316/649 973/1317/935 724/1318/936
f 521/1316/649 183/1288/648 715/1288/918 973/1317/935
f 973/1317/935 715/1288/918 270/1288/874 685/1317/873
f 724/1318/936 973/1317/935 685/1317/873 269/1319/872
f 153/1320/568 481/1321/585 974/1322/937 725/1323/938
f 481/1321/585 159/801/584 716/1292/920 974/1322/937
f 974/1322/937 716/1292/920 266/1294/866 681/1321/865
f 725/1323/938 974/1322/937 681/1321/865 265/1324/864
f 129/681/504 441/709/521 975/709/939 726/1325/940
f 441/709/521 135/1295/520 717/1298/922 975/709/939
f 975/709/939 717/1298/922 262/708/858 677/1326/857
f 726/1325/940 975/709/939 677/1326/857 261/1327/856
f 105/589/440 401/612/457 976/1328/941 727/1329/942
f 401/612/457 111/611/456 718/1300/924 976/1328/941
f 976/1328/941 718/1300/924 258/1301/850 673/1330/849
f 727/1329/942 976/1328/941 673/1330/849 257/589/848
f 243/1121/808 629/1331/820 977/1332/943 697/1150/826
f 629/1331/820 57/426/325 721/426/930 977/1332/943
f 977/1332/943 721/426/930 250/426/830 696/1333/833
f 697/1150/826 977/1332/943 696/1333/833 280/1150/827
f 81/1334/376 361/1335/393 978/1336/944 728/1337/945
f 361/1335/393 87/522/392 719/1304/926 978/1336/944
f 978/1336/944 719/1304/926 254/1305/842 669/1335/841
f 728/1337/945 978/1336/944 669/1335/841 253/501/840
f 219/1033/744 591/1338/761 979/1339/946 699/1245/894
f 591/1338/761 225/1310/760 722/1312/932 979/1339/946
f 979/1339/946 722/1312/932 277/1310/888 692/1054/887
f 699/1245/894 979/1339/946 692/1054/887 276/1245/886
f 195/942/680 551/1340/697 980/1340/947 701/1251/897
f 551/1340/697 201/967/696 723/1315/934 980/1340/947
f 980/1340/947 723/1315/934 273/967/880 688/1341/879
f 701/1251/897 980/1340/947 688/1341/879 272/942/878
f 171/1254/616 511/1342/633 981/1343/948 703/1254/900
f 511/1342/633 177/869/632 724/1318/936 981/1343/948
f 981/1343/948 724/1318/936 269/1319/872 684/1342/871
f 703/1254/900 981/1343/948 684/1342/871 268/1255/870
f 147/756/552 471/1344/569 982/1345/949 705/1260/903
f 471/1344/569 153/1320/568 725/1323/938 982/1345/949
f 982/1345/949 725/1323/938 265/1324/864 680/1344/863
f 705/1260/903 982/1345/949 680/1344/863 264/1260/862
f 123/1265/488 431/1346/505 983/1347/950 707/1266/906
f 431/1346/505 129/681/504 726/1325/940 983/1347/950
f 983/1347/950 726/1325/940 261/1327/856 676/1348/855
f 707/1266/906 983/1347/950 676/1348/855 260/1265/854
f 99/1270/424 391/1349/441 984/1350/951 709/1271/909
f 391/1349/441 105/589/440 727/1329/942 984/1350/951
f 984/1350/951 727/1329/942 257/589/848 672/1349/847
f 709/1271/909 984/1350/951 672/1349/847 256/1271/846
f 75/476/360 351/502/377 985/502/952 711/1276/912
f 351/502/377 81/1334/376 728/1337/945 985/502/952
f 985/502/952 728/1337/945 253/501/840 668/502/839
f 711/1276/912 985/502/952 668/502/839 252/1277/838
f 281/105/65 633/104/64 986/1351/953 761/1352/954
f 633/104/64 61/103/63 321/1353/326 986/1351/953
f 986/1351/953 321/1353/326 67/1354/309 730/1355/306
f 761/1352/954 986/1351/953 730/1355/306 282/400/305
f 58/409/311 729/1356/955 987/1357/956 314/1358/312
f 729/1356/955 281/105/65 761/1352/954 987/1357/956
f 987/1357/956 761/1352/954 282/400/305 634/1359/957
f 314/1358/312 987/1357/956 634/1359/957 64/1360/315
f 64/1361/315 634/1362/957 988/1363/958 327/1364/336
f 634/1362/957 282/400/305 762/403/308 988/1363/958
f 988/1363/958 762/403/308 284/408/66 636/1365/959
f 327/1364/336 988/1363/958 636/1365/959 70/444/338
f 238/1109/786 664/1366/960 989/1367/961 617/1368/800
f 664/1366/960 312/283/236 763/286/238 989/1367/961
f 989/1367/961 763/286/238 283/97/57 731/1369/962
f 617/1368/800 989/1367/961 731/1369/962 244/1370/802
f 232/1371/770 663/1372/963 990/1373/964 607/1086/784
f 663/1372/963 311/276/230 764/278/232 990/1373/964
f 990/1373/964 764/278/232 312/282/236 664/1374/960
f 607/1086/784 990/1373/964 664/1374/960 238/1109/786
f 226/1375/754 662/1376/965 991/1377/966 597/1065/768
f 662/1376/965 310/270/224 765/272/226 991/1377/966
f 991/1377/966 765/272/226 311/276/230 663/1372/963
f 597/1065/768 991/1377/966 663/1372/963 232/1371/770
f 220/1378/738 661/1379/967 992/1380/968 587/1381/752
f 661/1379/967 309/264/218 766/266/220 992/1380/968
f 992/1380/968 766/266/220 310/270/224 662/1376/965
f 587/1381/752 992/1380/968 662/1376/965 226/1375/754
f 214/1382/722 660/1383/969 993/1384/970 577/1385/736
f 660/1383/969 308/258/212 767/260/214 993/1384/970
f 993/1384/970 767/260/214 309/264/218 661/1379/967
f 577/1385/736 993/1384/970 661/1379/967 220/1378/738
f 208/1386/706 659/1387/971 994/1388/972 567/1389/720
f 659/1387/971 307/252/206 768/254/208 994/1388/972
f 994/1388/972 768/254/208 308/258/212 660/1383/969
f 567/1389/720 994/1388/972 660/1383/969 214/1382/722
f 202/1390/690 658/1391/973 995/1392/974 557/1393/704
f 658/1391/973 306/246/200 769/248/202 995/1392/974
f 995/1392/974 769/248/202 307/252/206 659/1387/971
f 557/1393/704 995/1392/974 659/1387/971 208/1386/706
f 196/1394/674 657/1395/975 996/1396/976 547/957/688
f 657/1395/975 305/240/194 770/242/196 996/1396/976
f 996/1396/976 770/242/196 306/246/200 658/1391/973
f 547/957/688 996/1396/976 658/1391/973 202/1390/690
f 190/1397/658 656/1398/977 997/1399/978 537/1400/672
f 656/1398/977 304/234/188 771/236/190 997/1399/978
f 997/1399/978 771/236/190 305/240/194 657/1395/975
f 537/1400/672 997/1399/978 657/1395/975 196/1394/674
f 184/904/642 655/1401/979 998/1402/980 527/905/656
f 655/1401/979 303/226/182 772/229/184 998/1402/980
f 998/1402/980 772/229/184 304/234/188 656/1398/977
f 527/905/656 998/1402/980 656/1398/977 190/1397/658
f 178/1403/626 654/1404/981 999/1405/982 517/1406/640
f 654/1404/981 302/219/176 773/221/178 999/1405/982
f 999/1405/982 773/221/178 303/225/182 655/1407/979
f 517/1406/640 999/1405/982 655/1407/979 184/883/642
f 172/839/610 653/1408/983 1000/1409/984 507/1410/624
f 653/1408/983 301/213/170 774/215/172 1000/1409/984
f 1000/1409/984 774/215/172 302/219/176 654/1404/981
f 507/1410/624 1000/1409/984 654/1404/981 178/1403/626
f 166/1411/594 652/1412/985 1001/1413/986 497/1414/608
f 652/1412/985 300/207/164 775/209/166 1001/1413/986
f 1001/1413/986 775/209/166 301/213/170 653/1408/983
f 497/1414/608 1001/1413/986 653/1408/983 172/839/610
f 160/1415/578 651/1416/987 1002/1417/988 487/1418/592
f 651/1416/987 299/201/158 776/203/160 1002/1417/988
f 1002/1417/988 776/203/160 300/207/164 652/1412/985
f 487/1418/592 1002/1417/988 652/1412/985 166/1411/594
f 154/1419/562 650/1420/989 1003/1421/990 477/1422/576
f 650/1420/989 298/195/152 777/197/154 1003/1421/990
f 1003/1421/990 777/197/154 299/201/158 651/1416/987
f 477/1422/576 1003/1421/990 651/1416/987 160/1415/578
f 148/1423/546 649/1424/991 1004/1425/992 467/1426/560
f 649/1424/991 297/189/146 778/191/148 1004/1425/992
f 1004/1425/992 778/191/148 298/195/152 650/1420/989
f 467/1426/560 1004/1425/992 650/1420/989 154/1419/562
f 142/725/530 648/1427/993 1005/1428/994 457/1429/544
f 648/1427/993 296/183/140 779/185/142 1005/1428/994
f 1005/1428/994 779/185/142 297/189/146 649/1424/991
f 457/1429/544 1005/1428/994 649/1424/991 148/1423/546
f 136/700/514 647/1430/995 1006/1431/996 447/723/528
f 647/1430/995 295/177/134 780/179/136 1006/1431/996
f 1006/1431/996 780/179/136 296/183/140 648/1427/993
f 447/723/528 1006/1431/996 648/1427/993 142/725/530
f 130/672/498 646/1432/997 1007/1433/998 437/1434/512
f 646/1432/997 294/171/128 781/173/130 1007/1433/998
f 1007/1433/998 781/173/130 295/177/134 647/1430/995
f 437/1434/512 1007/1433/998 647/1430/995 136/700/514
f 124/668/482 645/1435/999 1008/1436/1000 427/1437/496
f 645/1435/999 293/163/122 782/166/124 1008/1436/1000
f 1008/1436/1000 782/166/124 294/171/128 646/1432/997
f 427/1437/496 1008/1436/1000 646/1432/997 130/672/498
f 118/1438/466 644/1439/1001 1009/1440/1002 417/647/480
f 644/1439/1001 292/156/116 783/158/118 1009/1440/1002
f 1009/1440/1002 783/158/118 293/162/122 645/1441/999
f 417/647/480 1009/1440/1002 645/1441/999 124/649/482
f 112/1442/450 643/1443/1003 1010/1444/1004 407/1445/464
f 643/1443/1003 291/150/110 784/152/112 1010/1444/1004
f 1010/1444/1004 784/152/112 292/156/116 644/1439/1001
f 407/1445/464 1010/1444/1004 644/1439/1001 118/1438/466
f 106/1446/434 642/1447/1005 1011/1448/1006 397/1449/448
f 642/1447/1005 290/144/104 785/146/106 1011/1448/1006
f 1011/1448/1006 785/146/106 291/150/110 643/1443/1003
f 397/1449/448 1011/1448/1006 643/1443/1003 112/1442/450
f 100/1450/418 641/1451/1007 1012/1452/1008 387/1453/432
f 641/1451/1007 289/138/98 786/140/100 1012/1452/1008
f 1012/1452/1008 786/140/100 290/144/104 642/1447/1005
f 387/1453/432 1012/1452/1008 642/1447/1005 106/1446/434
f 94/1454/402 640/1455/1009 1013/1456/1010 377/556/416
f 640/1455/1009 288/132/92 787/134/94 1013/1456/1010
f 1013/1456/1010 787/134/94 289/138/98 641/1451/1007
f 377/556/416 1013/1456/1010 641/1451/1007 100/1450/418
f 88/1457/386 639/1458/1011 1014/1459/1012 367/1460/400
f 639/1458/1011 287/126/86 788/128/88 1014/1459/1012
f 1014/1459/1012 788/128/88 288/132/92 640/1455/1009
f 367/1460/400 1014/1459/1012 640/1455/1009 94/1454/402
f 82/1461/370 638/1462/1013 1015/1463/1014 357/1464/384
f 638/1462/1013 286/120/80 789/122/82 1015/1463/1014
f 1015/1463/1014 789/122/82 287/126/86 639/1458/1011
f 357/1464/384 1015/1463/1014 639/1458/1011 88/1457/386
f 76/1465/354 637/1466/1015 1016/1467/1016 347/1468/368
f 637/1466/1015 285/114/74 790/116/76 1016/1467/1016
f 1016/1467/1016 790/116/76 286/120/80 638/1462/1013
f 347/1468/368 1016/1467/1016 638/1462/1013 82/1461/370
f 70/1469/338 636/1470/959 1017/1471/1017 337/1472/352
f 636/1470/959 284/106/66 791/109/69 1017/1471/1017
f 1017/1471/1017 791/109/69 285/114/74 637/1466/1015
f 337/1472/352 1017/1471/1017 637/1466/1015 76/1465/354
f 244/1473/802 731/1474/962 1018/1475/1018 627/1476/816
f 731/1474/962 283/97/57 792/100/60 1018/1475/1018
f 1018/1475/1018 792/100/60 281/105/65 729/1356/955
f 627/1476/816 1018/1475/1018 729/1356/955 58/409/311
o RightArm
v -2.000000 0.850000 0.350000
v -1.850000 0.850000 0.500000
v -1.850000 1.000000 0.350000
v -1.956066 0.850000 0.456066
v -1.936602 0.936602 0.436603
v -1.850000 0.956066 0.456066
v -1.956066 0.956066 0.350000
v -2.000000 0.850000 -0.350000
v -1.850000 1.000000 -0.350000
v -1.850000 0.850000 -0.500000
v -1.956066 0.956066 -0.350000
v -1.936602 0.936603 -0.436602
v -1.850000 0.956066 -0.456066
v -1.956066 0.850000 -0.456066
v -1.000000 0.850000 -0.349999
v -1.150000 0.850000 -0.499999
v -1.150000 1.000000 -0.349999
v -1.043934 0.850000 -0.456065
v -1.063398 0.936603 -0.436601
v -1.150000 0.956066 -0.456065
v -1.043934 0.956066 -0.349999
v -1.000001 0.850000 0.350001
v -1.150001 1.000000 0.350001
v -1.150001 0.850000 0.500001
v -1.043935 0.956066 0.350001
v -1.063398 0.936602 0.436604
v -1.150001 0.956066 0.456067
v -1.043935 0.850000 0.456067
v -1.150000 -0.850000 -0.500000
v -1.000000 -0.850000 -0.350000
v -1.150000 -1.000000 -0.350000
v -1.043934 -0.850000 -0.456066
v -1.063398 -0.936602 -0.436603
v -1.043934 -0.956066 -0.350000
v -1.150000 -0.956066 -0.456066
v -1.000000 -0.850000 0.350000
v -1.150000 -0.850000 0.500000
v -1.150000 -1.000000 0.350000
v -1.043934 -0.850000 0.456066
v -1.063398 -0.936603 0.436602
v -1.150000 -0.956066 0.456066
v -1.043934 -0.956066 0.350000
v -1.850000 -0.850000 0.500000
v -2.000000 -0.850000 0.350000
v -1.850000 -1.000000 0.350000
v -1.956066 -0.850000 0.456066
v -1.936602 -0.936603 0.436602
v -1.956066 -0.956066 0.350000
v -1.850000 -0.956066 0.456066
v -1.850000 -0.850000 -0.500000
v -1.850000 -1.000000 -0.350000
v -2.000000 -0.850000 -0.350000
v -1.850000 -0.956066 -0.456066
v -1.936602 -0.936602 -0.436603
v -1.956066 -0.956066 -0.350000
v -1.956066 -0.850000 -0.456066
vn 0.1794 -0.1794 0.9673
vn 0.1794 0.1794 0.9673
vn -0.1794 0.1794 0.9673
vn -0.1794 -0.1794 0.9673
vn -0.1794 -0.1794 -0.9673
vn -0.1794 0.1794 -0.9673
vn 0.1794 0.1794 -0.9673
vn 0.1794 -0.1794 -0.9673
vn 0.9673 -0.1794 -0.1794
vn 0.9673 0.1794 -0.1794
vn 0.9673 0.1794 0.1794
vn 0.9673 -0.1794 0.1794
vn 0.1794 -0.9673 -0.1794
vn 0.1794 -0.9673 0.1794
vn -0.1794 -0.9673 0.1794
vn -0.1794 -0.9673 -0.1794
vn 0.1794 0.9673 -0.1794
vn -0.1794 0.9673 -0.1794
vn -0.1794 0.9673 0.1794
vn 0.1794 0.9673 0.1794
vn -0.9673 0.1794 0.1794
vn -0.6965 0.1726 0.6965
vn -0.5774 0.5774 0.5774
vn -0.6965 0.6965 0.1726
vn -0.1726 0.6965 0.6965
vn -0.9673 0.1794 -0.1794
vn -0.6965 0.6965 -0.1726
vn -0.5773 0.5774 -0.5774
vn -0.6965 0.1726 -0.6965
vn -0.1726 0.6965 -0.6965
vn 0.6965 0.1726 -0.6965
vn 0.5774 0.5774 -0.5773
vn 0.6965 0.6965 -0.1726
vn 0.1726 0.6965 -0.6965
vn 0.6965 0.6965 0.1726
vn 0.5773 0.5774 0.5774
vn 0.6965 0.1726 0.6965
vn 0.1726 0.6965 0.6965
vn 0.6965 -0.1726 -0.6965
vn 0.5774 -0.5773 -0.5774
vn 0.1726 -0.6965 -0.6965
vn 0.6965 -0.6965 -0.1726
vn 0.6965 -0.1726 0.6965
vn 0.5774 -0.5774 0.5774
vn 0.6965 -0.6965 0.1726
vn 0.1726 -0.6965 0.6965
vn -0.6965 -0.1726 0.6965
vn -0.5774 -0.5774 0.5774
vn -0.1726 -0.6965 0.6965
vn -0.9673 -0.1794 0.1794
vn -0.6965 -0.6965 0.1726
vn -0.1726 -0.6965 -0.6965
vn -0.5774 -0.5774 -0.5774
vn -0.6965 -0.1726 -0.6965
vn -0.6965 -0.6965 -0.1726
vn -0.9673 -0.1794 -0.1794
vt 0.449130 0.153958
vt 0.449130 0.338630
vt 0.373088 0.338630
vt 0.373088 0.153958
vt 0.147556 0.154879
vt 0.147556 0.337686
vt 0.222829 0.337686
vt 0.222829 0.154879
vt 0.109935 0.154797
vt 0.109934 0.337793
vt 0.034583 0.337793
vt 0.034583 0.154797
vt 0.450004 0.038884
vt 0.450004 0.116644
vt 0.372244 0.116644
vt 0.372244 0.038884
vt 0.448920 0.452637
vt 0.373290 0.452638
vt 0.373290 0.377008
vt 0.448919 0.377008
vt 0.335937 0.338057
vt 0.352127 0.338057
vt 0.352127 0.347404
vt 0.335937 0.354247
vt 0.373088 0.354925
vt 0.363681 0.354925
vt 0.356794 0.338630
vt 0.357083 0.377008
vt 0.357083 0.367651
vt 0.373290 0.360801
vt 0.260383 0.338057
vt 0.260383 0.354247
vt 0.251036 0.354247
vt 0.244193 0.338057
vt 0.373290 0.468845
vt 0.363933 0.468845
vt 0.357083 0.452638
vt 0.131426 0.337686
vt 0.131426 0.346998
vt 0.147556 0.353816
vt 0.126081 0.337793
vt 0.126081 0.347115
vt 0.109934 0.353940
vt 0.222829 0.353816
vt 0.232142 0.353816
vt 0.238959 0.337686
vt 0.465126 0.452637
vt 0.465127 0.461994
vt 0.448920 0.468844
vt 0.034583 0.353940
vt 0.025260 0.353940
vt 0.018436 0.337793
vt 0.448919 0.360801
vt 0.458276 0.360801
vt 0.465126 0.377008
vt 0.465424 0.338630
vt 0.465424 0.348038
vt 0.449130 0.354925
vt 0.238959 0.154879
vt 0.238959 0.145566
vt 0.222829 0.138749
vt 0.109935 0.138650
vt 0.119257 0.138650
vt 0.126081 0.154797
vt 0.450004 0.022221
vt 0.459624 0.022221
vt 0.466667 0.038884
vt 0.018437 0.154797
vt 0.018437 0.145475
vt 0.034583 0.138650
vt 0.449130 0.137663
vt 0.458537 0.137663
vt 0.465424 0.153958
vt 0.466667 0.116644
vt 0.466667 0.126264
vt 0.450004 0.133307
vt 0.356794 0.153958
vt 0.356794 0.144550
vt 0.373088 0.137663
vt 0.335937 0.154570
vt 0.335937 0.138380
vt 0.345284 0.138380
vt 0.352127 0.154570
vt 0.372244 0.133307
vt 0.362624 0.133307
vt 0.355581 0.116644
vt 0.147556 0.138749
vt 0.138243 0.138749
vt 0.131426 0.154879
vt 0.355581 0.038884
vt 0.355581 0.029264
vt 0.372244 0.022221
vt 0.260383 0.154571
vt 0.244193 0.154571
vt 0.244193 0.145223
vt 0.260383 0.138380
s 1
usemtl RightArm
f 1055/1477/1019 1042/1478/1020 1020/1479/1021 1061/1480/1022
f 1068/1481/1023 1028/1482/1024 1034/1483/1025 1047/1484/1026
f 1048/1485/1027 1033/1486/1028 1040/1487/1029 1054/1488/1030
f 1049/1489/1031 1056/1490/1032 1063/1491/1033 1069/1492/1034
f 1035/1493/1035 1027/1494/1036 1021/1495/1037 1041/1496/1038
f 1019/1497/1039 1022/1498/1040 1023/1499/1041 1025/1500/1042
f 1020/1479/1021 1024/1501/1043 1023/1502/1041 1022/1503/1040
f 1021/1495/1037 1025/1504/1042 1023/1505/1041 1024/1506/1043
f 1026/1507/1044 1029/1508/1045 1030/1509/1046 1032/1510/1047
f 1027/1494/1036 1031/1511/1048 1030/1512/1046 1029/1513/1045
f 1028/1482/1024 1032/1514/1047 1030/1515/1046 1031/1516/1048
f 1033/1486/1028 1036/1517/1049 1037/1518/1050 1039/1519/1051
f 1034/1483/1025 1038/1520/1052 1037/1521/1050 1036/1522/1049
f 1035/1493/1035 1039/1523/1051 1037/1524/1050 1038/1525/1052
f 1040/1487/1029 1043/1526/1053 1044/1527/1054 1046/1528/1055
f 1041/1496/1038 1045/1529/1056 1044/1530/1054 1043/1531/1053
f 1042/1478/1020 1046/1532/1055 1044/1533/1054 1045/1534/1056
f 1047/1484/1026 1050/1535/1057 1051/1536/1058 1053/1537/1059
f 1048/1485/1027 1052/1538/1060 1051/1539/1058 1050/1540/1057
f 1049/1489/1031 1053/1541/1059 1051/1542/1058 1052/1543/1060
f 1054/1488/1030 1057/1544/1061 1058/1545/1062 1060/1546/1063
f 1055/1477/1019 1059/1547/1064 1058/1548/1062 1057/1549/1061
f 1056/1490/1032 1060/1550/1063 1058/1551/1062 1059/1552/1064
f 1061/1480/1022 1064/1553/1065 1065/1554/1066 1067/1555/1067
f 1062/1556/1068 1066/1557/1069 1065/1558/1066 1064/1559/1065
f 1063/1491/1033 1067/1560/1067 1065/1561/1066 1066/1562/1069
f 1068/1481/1023 1071/1563/1070 1072/1564/1071 1074/1565/1072
f 1069/1492/1034 1073/1566/1073 1072/1567/1071 1071/1568/1070
f 1070/1569/1074 1074/1570/1072 1072/1571/1071 1073/1572/1073
f 1021/1495/1037 1027/1494/1036 1029/1513/1045 1025/1504/1042
f 1025/1500/1042 1029/1508/1045 1026/1507/1044 1019/1497/1039
f 1035/1493/1035 1041/1496/1038 1043/1531/1053 1039/1523/1051
f 1039/1519/1051 1043/1526/1053 1040/1487/1029 1033/1486/1028
f 1027/1494/1036 1035/1493/1035 1038/1525/1052 1031/1511/1048
f 1031/1516/1048 1038/1520/1052 1034/1483/1025 1028/1482/1024
f 1020/1479/1021 1042/1478/1020 1045/1534/1056 1024/1501/1043
f 1024/1506/1043 1045/1529/1056 1041/1496/1038 1021/1495/1037
f 1049/1489/1031 1069/1492/1034 1071/1568/1070 1053/1541/1059
f 1053/1537/1059 1071/1563/1070 1068/1481/1023 1047/1484/1026
f 1048/1485/1027 1054/1488/1030 1060/1546/1063 1052/1538/1060
f 1052/1543/1060 1060/1550/1063 1056/1490/1032 1049/1489/1031
f 1055/1477/1019 1061/1480/1022 1067/1555/1067 1059/1547/1064
f 1059/1552/1064 1067/1560/1067 1063/1491/1033 1056/1490/1032
f 1062/1556/1068 1070/1569/1074 1073/1572/1073 1066/1557/1069
f 1066/1562/1069 1073/1566/1073 1069/1492/1034 1063/1491/1033
f 1042/1478/1020 1055/1477/1019 1057/1549/1061 1046/1532/1055
f 1046/1528/1055 1057/1544/1061 1054/1488/1030 1040/1487/1029
f 1019/1497/1039 1062/1556/1068 1064/1559/1065 1022/1498/1040
f 1022/1503/1040 1064/1553/1065 1061/1480/1022 1020/1479/1021
f 1033/1486/1028 1048/1485/1027 1050/1540/1057 1036/1517/1049
f 1036/1522/1049 1050/1535/1057 1047/1484/1026 1034/1483/1025
f 1028/1482/1024 1068/1481/1023 1074/1565/1072 1032/1514/1047
f 1032/1510/1047 1074/1570/1072 1070/1569/1074 1026/1507/1044
f 1062/1556/1068 1019/1497/1039 1026/1507/1044 1070/1569/1074
o LeftArm
v 1.000237 0.851094 0.350547
v 1.150237 0.851094 0.500547
v 1.150237 1.001094 0.350547
v 1.044171 0.851094 0.456613
v 1.063635 0.937696 0.437150
v 1.150237 0.957160 0.456613
v 1.044171 0.957160 0.350547
v 1.000238 0.851094 -0.350547
v 1.150238 1.001094 -0.350547
v 1.150238 0.851094 -0.500547
v 1.044172 0.957160 -0.350547
v 1.063635 0.937697 -0.437149
v 1.150238 0.957160 -0.456613
v 1.044172 0.851094 -0.456613
v 2.001332 0.851094 -0.350546
v 1.851332 0.851094 -0.500546
v 1.851332 1.001094 -0.350546
v 1.957398 0.851094 -0.456612
v 1.937934 0.937697 -0.437149
v 1.851332 0.957160 -0.456612
v 1.957398 0.957160 -0.350546
v 2.001332 0.851094 0.350548
v 1.851331 1.001094 0.350548
v 1.851331 0.851094 0.500548
v 1.957397 0.957160 0.350548
v 1.937934 0.937696 0.437151
v 1.851331 0.957160 0.456614
v 1.957397 0.851094 0.456614
v 1.851333 -0.851094 -0.500547
v 2.001333 -0.851094 -0.350547
v 1.851333 -1.001094 -0.350547
v 1.957399 -0.851094 -0.456613
v 1.937936 -0.937696 -0.437150
v 1.957399 -0.957160 -0.350547
v 1.851333 -0.957160 -0.456613
v 2.001333 -0.851094 0.350547
v 1.851333 -0.851094 0.500547
v 1.851333 -1.001094 0.350547
v 1.957399 -0.851094 0.456613
v 1.937935 -0.937697 0.437149
v 1.851333 -0.957160 0.456613
v 1.957399 -0.957160 0.350547
v 1.150238 -0.851094 0.500547
v 1.000238 -0.851094 0.350547
v 1.150238 -1.001094 0.350547
v 1.044172 -0.851094 0.456613
v 1.063635 -0.937697 0.437149
v 1.044172 -0.957160 0.350547
v 1.150238 -0.957160 0.456613
v 1.150238 -0.851094 -0.500547
v 1.150238 -1.001094 -0.350547
v 1.000238 -0.851094 -0.350547
v 1.150238 -0.957160 -0.456613
v 1.063635 -0.937696 -0.437150
v 1.044172 -0.957160 -0.350547
v 1.044172 -0.851094 -0.456613
vn 0.1794 -0.1794 0.9673
vn 0.1794 0.1794 0.9673
vn -0.1794 0.1794 0.9673
vn -0.1794 -0.1794 0.9673
vn -0.1794 -0.1794 -0.9673
vn -0.1794 0.1794 -0.9673
vn 0.1794 0.1794 -0.9673
vn 0.1794 -0.1794 -0.9673
vn 0.9673 -0.1794 -0.1794
vn 0.9673 0.1794 -0.1794
vn 0.9673 0.1794 0.1794
vn 0.9673 -0.1794 0.1794
vn 0.1794 -0.9673 -0.1794
vn 0.1794 -0.9673 0.1794
vn -0.1794 -0.9673 0.1794
vn -0.1794 -0.9673 -0.1794
vn 0.1794 0.9673 -0.1794
vn -0.1794 0.9673 -0.1794
vn -0.1794 0.9673 0.1794
vn 0.1794 0.9673 0.1794
vn -0.9673 0.1794 0.1794
vn -0.6965 0.1726 0.6965
vn -0.5774 0.5774 0.5773
vn -0.6965 0.6965 0.1726
vn -0.1726 0.6965 0.6965
vn -0.9673 0.1794 -0.1794
vn -0.6965 0.6965 -0.1726
vn -0.5773 0.5774 -0.5774
vn -0.6965 0.1726 -0.6965
vn -0.1726 0.6965 -0.6965
vn 0.6965 0.1726 -0.6965
vn 0.5774 0.5774 -0.5773
vn 0.6965 0.6965 -0.1726
vn 0.1726 0.6965 -0.6965
vn 0.6965 0.6965 0.1726
vn 0.5773 0.5774 0.5774
vn 0.6965 0.1726 0.6965
vn 0.1726 0.6965 0.6965
vn 0.6965 -0.1726 -0.6965
vn 0.5774 -0.5774 -0.5774
vn 0.1726 -0.6965 -0.6965
vn 0.6965 -0.6965 -0.1726
vn 0.6965 -0.1726 0.6965
vn 0.5774 -0.5774 0.5773
vn 0.6965 -0.6965 0.1726
vn 0.1726 -0.6965 0.6965
vn -0.6965 -0.1726 0.6965
vn -0.5774 -0.5774 0.5774
vn -0.1726 -0.6965 0.6965
vn -0.9673 -0.1794 0.1794
vn -0.6965 -0.6965 0.1726
vn -0.1726 -0.6965 -0.6965
vn -0.5774 -0.5774 -0.5773
vn -0.6965 -0.1726 -0.6965
vn -0.6965 -0.6965 -0.1726
vn -0.9673 -0.1794 -0.1794
vt 0.626629 0.152734
vt 0.626629 0.339572
vt 0.551902 0.339572
vt 0.551903 0.152734
vt 0.777445 0.153275
vt 0.777445 0.339307
vt 0.854067 0.339307
vt 0.854067 0.153275
vt 0.741529 0.155008
vt 0.741529 0.337494
vt 0.666367 0.337494
vt 0.666367 0.155008
vt 0.628230 0.039395
vt 0.628230 0.116121
vt 0.551504 0.116121
vt 0.551504 0.039395
vt 0.628212 0.453225
vt 0.551428 0.453225
vt 0.551428 0.376440
vt 0.628212 0.376440
vt 0.966996 0.339249
vt 0.983384 0.339249
vt 0.983384 0.348710
vt 0.966996 0.355636
vt 0.551902 0.356037
vt 0.542671 0.356037
vt 0.535914 0.339572
vt 0.535000 0.376440
vt 0.535000 0.366955
vt 0.551428 0.360012
vt 0.890401 0.339249
vt 0.890401 0.355637
vt 0.880940 0.355637
vt 0.874013 0.339249
vt 0.551428 0.469653
vt 0.541943 0.469653
vt 0.535000 0.453225
vt 0.761051 0.339307
vt 0.761051 0.348772
vt 0.777445 0.355700
vt 0.757610 0.337494
vt 0.757610 0.346778
vt 0.741529 0.353575
vt 0.854067 0.355700
vt 0.863532 0.355700
vt 0.870461 0.339307
vt 0.644640 0.453225
vt 0.644640 0.462710
vt 0.628212 0.469653
vt 0.666367 0.353575
vt 0.657083 0.353575
vt 0.650286 0.337494
vt 0.628212 0.360012
vt 0.637697 0.360012
vt 0.644640 0.376440
vt 0.642617 0.339572
vt 0.642617 0.349078
vt 0.626629 0.356037
vt 0.870461 0.153275
vt 0.870461 0.143810
vt 0.854067 0.136882
vt 0.741529 0.138927
vt 0.750813 0.138927
vt 0.757610 0.155008
vt 0.628230 0.022979
vt 0.637708 0.022979
vt 0.644646 0.039395
vt 0.650286 0.155008
vt 0.650286 0.145724
vt 0.666367 0.138927
vt 0.626629 0.136269
vt 0.635860 0.136269
vt 0.642617 0.152734
vt 0.644646 0.116121
vt 0.644646 0.125599
vt 0.628230 0.132537
vt 0.535915 0.152734
vt 0.535915 0.143228
vt 0.551903 0.136269
vt 0.966996 0.153284
vt 0.966996 0.136896
vt 0.976457 0.136896
vt 0.983383 0.153284
vt 0.551504 0.132537
vt 0.542026 0.132537
vt 0.535088 0.116121
vt 0.777445 0.136882
vt 0.767980 0.136882
vt 0.761051 0.153275
vt 0.535088 0.039395
vt 0.535088 0.029917
vt 0.551504 0.022979
vt 0.890401 0.153284
vt 0.874013 0.153284
vt 0.874013 0.143822
vt 0.890401 0.136896
vt 0.644096 0.152877
vt 0.644096 0.339527
vt 0.648796 0.337537
vt 0.648796 0.154869
s 1
usemtl LeftArm
f 1111/1573/1075 1098/1574/1076 1076/1575/1077 1117/1576/1078
f 1124/1577/1079 1084/1578/1080 1090/1579/1081 1103/1580/1082
f 1104/1581/1083 1089/1582/1084 1096/1583/1085 1110/1584/1086
f 1105/1585/1087 1112/1586/1088 1119/1587/1089 1125/1588/1090
f 1091/1589/1091 1083/1590/1092 1077/1591/1093 1097/1592/1094
f 1075/1593/1095 1078/1594/1096 1079/1595/1097 1081/1596/1098
f 1076/1575/1077 1080/1597/1099 1079/1598/1097 1078/1599/1096
f 1077/1591/1093 1081/1600/1098 1079/1601/1097 1080/1602/1099
f 1082/1603/1100 1085/1604/1101 1086/1605/1102 1088/1606/1103
f 1083/1590/1092 1087/1607/1104 1086/1608/1102 1085/1609/1101
f 1084/1578/1080 1088/1610/1103 1086/1611/1102 1087/1612/1104
f 1089/1582/1084 1092/1613/1105 1093/1614/1106 1095/1615/1107
f 1090/1579/1081 1094/1616/1108 1093/1617/1106 1092/1618/1105
f 1091/1589/1091 1095/1619/1107 1093/1620/1106 1094/1621/1108
f 1096/1583/1085 1099/1622/1109 1100/1623/1110 1102/1624/1111
f 1097/1592/1094 1101/1625/1112 1100/1626/1110 1099/1627/1109
f 1098/1574/1076 1102/1628/1111 1100/1629/1110 1101/1630/1112
f 1103/1580/1082 1106/1631/1113 1107/1632/1114 1109/1633/1115
f 1104/1581/1083 1108/1634/1116 1107/1635/1114 1106/1636/1113
f 1105/1585/1087 1109/1637/1115 1107/1638/1114 1108/1639/1116
f 1110/1584/1086 1113/1640/1117 1114/1641/1118 1116/1642/1119
f 1111/1573/1075 1115/1643/1120 1114/1644/1118 1113/1645/1117
f 1112/1586/1088 1116/1646/1119 1114/1647/1118 1115/1648/1120
f 1117/1576/1078 1120/1649/1121 1121/1650/1122 1123/1651/1123
f 1118/1652/1124 1122/1653/1125 1121/1654/1122 1120/1655/1121
f 1119/1587/1089 1123/1656/1123 1121/1657/1122 1122/1658/1125
f 1124/1577/1079 1127/1659/1126 1128/1660/1127 1130/1661/1128
f 1125/1588/1090 1129/1662/1129 1128/1663/1127 1127/1664/1126
f 1126/1665/1130 1130/1666/1128 1128/1667/1127 1129/1668/1129
f 1077/1591/1093 1083/1590/1092 1085/1609/1101 1081/1600/1098
f 1081/1596/1098 1085/1604/1101 1082/1603/1100 1075/1593/1095
f 1091/1589/1091 1097/1592/1094 1099/1627/1109 1095/1619/1107
f 1095/1615/1107 1099/1622/1109 1096/1583/1085 1089/1582/1084
f 1083/1590/1092 1091/1589/1091 1094/1621/1108 1087/1607/1104
f 1087/1612/1104 1094/1616/1108 1090/1579/1081 1084/1578/1080
f 1076/1575/1077 1098/1574/1076 1101/1630/1112 1080/1597/1099
f 1080/1602/1099 1101/1625/1112 1097/1592/1094 1077/1591/1093
f 1105/1585/1087 1125/1588/1090 1127/1664/1126 1109/1637/1115
f 1109/1633/1115 1127/1659/1126 1124/1577/1079 1103/1580/1082
f 1104/1581/1083 1110/1584/1086 1116/1642/1119 1108/1634/1116
f 1108/1639/1116 1116/1646/1119 1112/1586/1088 1105/1585/1087
f 1111/1573/1075 1117/1576/1078 1123/1651/1123 1115/1643/1120
f 1115/1648/1120 1123/1656/1123 1119/1587/1089 1112/1586/1088
f 1118/1652/1124 1126/1665/1130 1129/1668/1129 1122/1653/1125
f 1122/1658/1125 1129/1662/1129 1125/1588/1090 1119/1587/1089
f 1098/1574/1076 1111/1573/1075 1113/1669/1117 1102/1670/1111
f 1102/1671/1111 1113/1672/1117 1110/1584/1086 1096/1583/1085
f 1075/1593/1095 1118/1652/1124 1120/1655/1121 1078/1594/1096
f 1078/1599/1096 1120/1649/1121 1117/1576/1078 1076/1575/1077
f 1089/1582/1084 1104/1581/1083 1106/1636/1113 1092/1613/1105
f 1092/1618/1105 1106/1631/1113 1103/1580/1082 1090/1579/1081
f 1084/1578/1080 1124/1577/1079 1130/1661/1128 1088/1610/1103
f 1088/1606/1103 1130/1666/1128 1126/1665/1130 1082/1603/1100
f 1118/1652/1124 1075/1593/1095 1082/1603/1100 1126/1665/1130
o Torso
v 0.850000 -0.850000 -0.500000
v 1.000000 -0.850000 -0.350000
v 0.850000 -1.000000 -0.350000
v 0.956066 -0.850000 -0.456066
v 0.936603 -0.936603 -0.436603
v 0.956066 -0.956066 -0.350000
v 0.850000 -0.956066 -0.456066
v 1.000000 -0.850000 0.350000
v 0.850000 -0.850000 0.500000
v 0.850000 -1.000000 0.350000
v 0.956066 -0.850000 0.456066
v 0.936602 -0.936603 0.436602
v 0.850000 -0.956066 0.456066
v 0.956066 -0.956066 0.350000
v -0.850000 -0.850000 0.500000
v -1.000000 -0.850000 0.350000
v -0.850000 -1.000000 0.350000
v -0.956066 -0.850000 0.456066
v -0.936603 -0.936603 0.436602
v -0.956066 -0.956066 0.350000
v -0.850000 -0.956066 0.456066
v -0.850000 -0.849999 -0.500000
v -0.850000 -0.999999 -0.350000
v -1.000000 -0.849999 -0.350000
v -0.850000 -0.956065 -0.456066
v -0.936603 -0.936602 -0.436603
v -0.956066 -0.956065 -0.350000
v -0.956066 -0.849999 -0.456066
v 1.000000 0.850000 -0.349999
v 0.850000 0.850000 -0.499999
v 0.850000 1.000000 -0.349999
v 0.956066 0.850000 -0.456065
v 0.936602 0.936603 -0.436601
v 0.850000 0.956066 -0.456065
v 0.956066 0.956066 -0.349999
v -0.850000 0.850000 -0.500000
v -1.000000 0.850000 -0.350000
v -0.850000 1.000000 -0.350000
v -0.956066 0.850000 -0.456066
v -0.936603 0.936603 -0.436602
v -0.956066 0.956066 -0.350000
v -0.850000 0.956066 -0.456066
v -1.000000 0.850000 0.350000
v -0.850000 0.850000 0.500000
v -0.850000 1.000000 0.350000
v -0.956066 0.850000 0.456066
v -0.936603 0.936602 0.436603
v -0.850000 0.956066 0.456066
v -0.956066 0.956066 0.350000
v 0.999999 0.850000 0.350001
v 0.849999 1.000000 0.350001
v 0.849999 0.850000 0.500001
v 0.956065 0.956066 0.350001
v 0.936602 0.936602 0.436604
v 0.849999 0.956066 0.456067
v 0.956065 0.850000 0.456067
vn 0.9673 -0.1794 -0.1794
vn 0.9673 0.1794 -0.1794
vn 0.9673 0.1794 0.1794
vn 0.9673 -0.1794 0.1794
vn 0.1794 0.9673 -0.1794
vn -0.1794 0.9673 -0.1794
vn -0.1794 0.9673 0.1794
vn 0.1794 0.9673 0.1794
vn 0.1794 -0.9673 -0.1794
vn 0.1794 -0.9673 0.1794
vn -0.1794 -0.9673 0.1794
vn -0.1794 -0.9673 -0.1794
vn -0.9673 -0.1794 0.1794
vn -0.9673 0.1794 0.1794
vn -0.9673 0.1794 -0.1794
vn -0.9673 -0.1794 -0.1794
vn 0.1794 -0.1794 0.9673
vn 0.1794 0.1794 0.9673
vn -0.1794 0.1794 0.9673
vn -0.1794 -0.1794 0.9673
vn 0.1794 -0.1794 -0.9673
vn 0.6965 -0.1726 -0.6965
vn 0.5774 -0.5774 -0.5774
vn 0.1726 -0.6965 -0.6965
vn 0.6965 -0.6965 -0.1726
vn 0.6965 -0.1726 0.6965
vn 0.5774 -0.5774 0.5774
vn 0.6965 -0.6965 0.1726
vn 0.1726 -0.6965 0.6965
vn -0.6965 -0.1726 0.6965
vn -0.5774 -0.5774 0.5773
vn -0.1726 -0.6965 0.6965
vn -0.6965 -0.6965 0.1726
vn -0.1794 -0.1794 -0.9673
vn -0.1726 -0.6965 -0.6965
vn -0.5774 -0.5773 -0.5774
vn -0.6965 -0.1726 -0.6965
vn -0.6965 -0.6965 -0.1726
vn 0.6965 0.1726 -0.6965
vn 0.5774 0.5774 -0.5773
vn 0.6965 0.6965 -0.1726
vn 0.1794 0.1794 -0.9673
vn 0.1726 0.6965 -0.6965
vn -0.1794 0.1794 -0.9673
vn -0.6965 0.1726 -0.6965
vn -0.5774 0.5774 -0.5774
vn -0.1726 0.6965 -0.6965
vn -0.6965 0.6965 -0.1726
vn -0.6965 0.1726 0.6965
vn -0.5774 0.5773 0.5774
vn -0.6965 0.6965 0.1726
vn -0.1726 0.6965 0.6965
vn 0.6965 0.6965 0.1726
vn 0.5773 0.5774 0.5774
vn 0.6965 0.1726 0.6965
vn 0.1726 0.6965 0.6965
vt 0.735530 0.661361
vt 0.735500 0.842342
vt 0.660878 0.842342
vt 0.660907 0.661361
vt 0.620026 0.957598
vt 0.439004 0.957598
vt 0.439004 0.883059
vt 0.620026 0.883059
vt 0.621577 0.545372
vt 0.621577 0.620775
vt 0.438455 0.620775
vt 0.438455 0.545372
vt 0.399261 0.660431
vt 0.399237 0.844075
vt 0.323187 0.844075
vt 0.323211 0.660431
vt 0.622846 0.658603
vt 0.622846 0.844972
vt 0.436478 0.844972
vt 0.436478 0.658603
vt 0.957218 0.661218
vt 0.973197 0.661218
vt 0.973197 0.651992
vt 0.957218 0.645238
vt 0.735533 0.645392
vt 0.744765 0.645392
vt 0.751521 0.661360
vt 0.621577 0.529214
vt 0.630906 0.529214
vt 0.637735 0.545372
vt 0.644916 0.661361
vt 0.644918 0.652141
vt 0.660910 0.645392
vt 0.622846 0.642159
vt 0.632341 0.642159
vt 0.639291 0.658603
vt 0.637735 0.620775
vt 0.637735 0.630104
vt 0.621577 0.636933
vt 0.420033 0.658603
vt 0.420033 0.649109
vt 0.436478 0.642159
vt 0.399264 0.644227
vt 0.408672 0.644227
vt 0.415558 0.660431
vt 0.438455 0.636933
vt 0.429127 0.636933
vt 0.422297 0.620775
vt 0.776114 0.661218
vt 0.776115 0.645238
vt 0.766889 0.645238
vt 0.760135 0.661218
vt 0.422297 0.545372
vt 0.422297 0.536043
vt 0.438455 0.529214
vt 0.306914 0.660431
vt 0.306916 0.651076
vt 0.323213 0.644227
vt 0.751491 0.842342
vt 0.751489 0.851562
vt 0.735498 0.858311
vt 0.957218 0.842320
vt 0.957218 0.858300
vt 0.966444 0.858300
vt 0.973197 0.842320
vt 0.635999 0.957598
vt 0.635999 0.966819
vt 0.620026 0.973570
vt 0.776115 0.842320
vt 0.760135 0.842320
vt 0.760135 0.851546
vt 0.776115 0.858300
vt 0.323185 0.860279
vt 0.313776 0.860279
vt 0.306890 0.844075
vt 0.439004 0.973570
vt 0.429782 0.973570
vt 0.423032 0.957598
vt 0.415534 0.844075
vt 0.415533 0.853430
vt 0.399235 0.860279
vt 0.436478 0.861416
vt 0.426984 0.861416
vt 0.420033 0.844972
vt 0.423032 0.883059
vt 0.423032 0.873837
vt 0.439004 0.867087
vt 0.660875 0.858311
vt 0.651643 0.858311
vt 0.644887 0.842342
vt 0.620026 0.867087
vt 0.629248 0.867087
vt 0.635999 0.883059
vt 0.639291 0.844972
vt 0.639291 0.854466
vt 0.622846 0.861416
s 1
usemtl Torso
f 1132/1673/1131 1159/1674/1132 1180/1675/1133 1138/1676/1134
f 1161/1677/1135 1168/1678/1136 1175/1679/1137 1181/1680/1138
f 1133/1681/1139 1140/1682/1140 1147/1683/1141 1153/1684/1142
f 1146/1685/1143 1173/1686/1144 1167/1687/1145 1154/1688/1146
f 1139/1689/1147 1182/1690/1148 1174/1691/1149 1145/1692/1150
f 1131/1693/1151 1134/1694/1152 1135/1695/1153 1137/1696/1154
f 1132/1673/1131 1136/1697/1155 1135/1698/1153 1134/1699/1152
f 1133/1681/1139 1137/1700/1154 1135/1701/1153 1136/1702/1155
f 1138/1676/1134 1141/1703/1156 1142/1704/1157 1144/1705/1158
f 1139/1689/1147 1143/1706/1159 1142/1707/1157 1141/1708/1156
f 1140/1682/1140 1144/1709/1158 1142/1710/1157 1143/1711/1159
f 1145/1692/1150 1148/1712/1160 1149/1713/1161 1151/1714/1162
f 1146/1685/1143 1150/1715/1163 1149/1716/1161 1148/1717/1160
f 1147/1683/1141 1151/1718/1162 1149/1719/1161 1150/1720/1163
f 1152/1721/1164 1155/1722/1165 1156/1723/1166 1158/1724/1167
f 1153/1684/1142 1157/1725/1168 1156/1726/1166 1155/1727/1165
f 1154/1688/1146 1158/1728/1167 1156/1729/1166 1157/1730/1168
f 1159/1674/1132 1162/1731/1169 1163/1732/1170 1165/1733/1171
f 1160/1734/1172 1164/1735/1173 1163/1736/1170 1162/1737/1169
f 1161/1677/1135 1165/1738/1171 1163/1739/1170 1164/1740/1173
f 1166/1741/1174 1169/1742/1175 1170/1743/1176 1172/1744/1177
f 1167/1687/1145 1171/1745/1178 1170/1746/1176 1169/1747/1175
f 1168/1678/1136 1172/1748/1177 1170/1749/1176 1171/1750/1178
f 1173/1686/1144 1176/1751/1179 1177/1752/1180 1179/1753/1181
f 1174/1691/1149 1178/1754/1182 1177/1755/1180 1176/1756/1179
f 1175/1679/1137 1179/1757/1181 1177/1758/1180 1178/1759/1182
f 1180/1675/1133 1183/1760/1183 1184/1761/1184 1186/1762/1185
f 1181/1680/1138 1185/1763/1186 1184/1764/1184 1183/1765/1183
f 1182/1690/1148 1186/1766/1185 1184/1767/1184 1185/1768/1186
f 1133/1681/1139 1153/1684/1142 1155/1727/1165 1137/1700/1154
f 1137/1696/1154 1155/1722/1165 1152/1721/1164 1131/1693/1151
f 1132/1673/1131 1138/1676/1134 1144/1705/1158 1136/1697/1155
f 1136/1702/1155 1144/1709/1158 1140/1682/1140 1133/1681/1139
f 1139/1689/1147 1145/1692/1150 1151/1714/1162 1143/1706/1159
f 1143/1711/1159 1151/1718/1162 1147/1683/1141 1140/1682/1140
f 1146/1685/1143 1154/1688/1146 1157/1730/1168 1150/1715/1163
f 1150/1720/1163 1157/1725/1168 1153/1684/1142 1147/1683/1141
f 1161/1677/1135 1181/1680/1138 1183/1765/1183 1165/1738/1171
f 1165/1733/1171 1183/1760/1183 1180/1675/1133 1159/1674/1132
f 1160/1734/1172 1166/1741/1174 1172/1744/1177 1164/1735/1173
f 1164/1740/1173 1172/1748/1177 1168/1678/1136 1161/1677/1135
f 1167/1687/1145 1173/1686/1144 1179/1753/1181 1171/1745/1178
f 1171/1750/1178 1179/1757/1181 1175/1679/1137 1168/1678/1136
f 1174/1691/1149 1182/1690/1148 1185/1768/1186 1178/1754/1182
f 1178/1759/1182 1185/1763/1186 1181/1680/1138 1175/1679/1137
f 1173/1686/1144 1146/1685/1143 1148/1717/1160 1176/1751/1179
f 1176/1756/1179 1148/1712/1160 1145/1692/1150 1174/1691/1149
f 1166/1741/1174 1152/1721/1164 1158/1724/1167 1169/1742/1175
f 1169/1747/1175 1158/1728/1167 1154/1688/1146 1167/1687/1145
f 1159/1674/1132 1132/1673/1131 1134/1699/1152 1162/1731/1169
f 1162/1737/1169 1134/1694/1152 1131/1693/1151 1160/1734/1172
f 1182/1690/1148 1139/1689/1147 1141/1708/1156 1186/1766/1185
f 1186/1762/1185 1141/1703/1156 1138/1676/1134 1180/1675/1133
f 1152/1721/1164 1166/1741/1174 1160/1734/1172 1131/1693/1151
o LeftLeg
v 0.000237 -1.148906 0.350547
v 0.150237 -1.148906 0.500547
v 0.150237 -0.998906 0.350547
v 0.044171 -1.148906 0.456613
v 0.063635 -1.062304 0.437150
v 0.150237 -1.042840 0.456613
v 0.044171 -1.042840 0.350547
v 0.000238 -1.148906 -0.350547
v 0.150238 -0.998906 -0.350547
v 0.150238 -1.148906 -0.500547
v 0.044172 -1.042840 -0.350547
v 0.063635 -1.062304 -0.437149
v 0.150238 -1.042840 -0.456613
v 0.044172 -1.148906 -0.456613
v 1.001332 -1.148906 -0.350546
v 0.851332 -1.148906 -0.500546
v 0.851332 -0.998906 -0.350546
v 0.957398 -1.148906 -0.456612
v 0.937934 -1.062304 -0.437149
v 0.851332 -1.042840 -0.456612
v 0.957398 -1.042840 -0.350546
v 1.001332 -1.148906 0.350548
v 0.851331 -0.998906 0.350548
v 0.851331 -1.148906 0.500548
v 0.957397 -1.042840 0.350548
v 0.937934 -1.062304 0.437151
v 0.851331 -1.042840 0.456614
v 0.957397 -1.148906 0.456614
v 0.851333 -2.851094 -0.500547
v 1.001333 -2.851094 -0.350547
v 0.851333 -3.001094 -0.350547
v 0.957399 -2.851094 -0.456613
v 0.937936 -2.937696 -0.437150
v 0.957399 -2.957160 -0.350547
v 0.851333 -2.957160 -0.456613
v 1.001333 -2.851094 0.350547
v 0.851333 -2.851094 0.500547
v 0.851333 -3.001094 0.350547
v 0.957399 -2.851094 0.456613
v 0.937935 -2.937696 0.437149
v 0.851333 -2.957160 0.456613
v 0.957399 -2.957160 0.350547
v 0.150238 -2.851094 0.500547
v 0.000238 -2.851094 0.350547
v 0.150238 -3.001094 0.350547
v 0.044172 -2.851094 0.456613
v 0.063635 -2.937696 0.437149
v 0.044172 -2.957160 0.350547
v 0.150238 -2.957160 0.456613
v 0.150238 -2.851094 -0.500547
v 0.150238 -3.001094 -0.350547
v 0.000238 -2.851094 -0.350547
v 0.150238 -2.957160 -0.456613
v 0.063635 -2.937696 -0.437150
v 0.044172 -2.957160 -0.350547
v 0.044172 -2.851094 -0.456613
vn 0.1794 -0.1794 0.9673
vn 0.1794 0.1794 0.9673
vn -0.1794 0.1794 0.9673
vn -0.1794 -0.1794 0.9673
vn -0.1794 -0.1794 -0.9673
vn -0.1794 0.1794 -0.9673
vn 0.1794 0.1794 -0.9673
vn 0.1794 -0.1794 -0.9673
vn 0.9673 -0.1794 -0.1794
vn 0.9673 0.1794 -0.1794
vn 0.9673 0.1794 0.1794
vn 0.9673 -0.1794 0.1794
vn 0.1794 -0.9673 -0.1794
vn 0.1794 -0.9673 0.1794
vn -0.1794 -0.9673 0.1794
vn -0.1794 -0.9673 -0.1794
vn 0.1794 0.9673 -0.1794
vn -0.1794 0.9673 -0.1794
vn -0.1794 0.9673 0.1794
vn 0.1794 0.9673 0.1794
vn -0.9673 0.1794 0.1794
vn -0.6965 0.1726 0.6965
vn -0.5774 0.5774 0.5773
vn -0.6965 0.6965 0.1726
vn -0.1726 0.6965 0.6965
vn -0.9673 0.1794 -0.1794
vn -0.6965 0.6965 -0.1726
vn -0.5773 0.5774 -0.5774
vn -0.6965 0.1726 -0.6965
vn -0.1726 0.6965 -0.6965
vn 0.6965 0.1726 -0.6965
vn 0.5774 0.5774 -0.5773
vn 0.6965 0.6965 -0.1726
vn 0.1726 0.6965 -0.6965
vn 0.6965 0.6965 0.1726
vn 0.5773 0.5774 0.5774
vn 0.6965 0.1726 0.6965
vn 0.1726 0.6965 0.6965
vn 0.6965 -0.1726 -0.6965
vn 0.5774 -0.5774 -0.5774
vn 0.1726 -0.6965 -0.6965
vn 0.6965 -0.6965 -0.1726
vn 0.6965 -0.1726 0.6965
vn 0.5774 -0.5774 0.5773
vn 0.6965 -0.6965 0.1726
vn 0.1726 -0.6965 0.6965
vn -0.6965 -0.1726 0.6965
vn -0.5774 -0.5774 0.5774
vn -0.1726 -0.6965 0.6965
vn -0.9673 -0.1794 0.1794
vn -0.6965 -0.6965 0.1726
vn -0.1726 -0.6965 -0.6965
vn -0.5774 -0.5774 -0.5773
vn -0.6965 -0.1726 -0.6965
vn -0.6965 -0.6965 -0.1726
vn -0.9673 -0.1794 -0.1794
vt 0.626629 0.152734
vt 0.626629 0.339572
vt 0.551902 0.339572
vt 0.551903 0.152734
vt 0.777445 0.153275
vt 0.777445 0.339307
vt 0.854067 0.339307
vt 0.854067 0.153275
vt 0.741529 0.155008
vt 0.741529 0.337494
vt 0.666367 0.337494
vt 0.666367 0.155008
vt 0.628230 0.039395
vt 0.628230 0.116121
vt 0.551504 0.116121
vt 0.551504 0.039395
vt 0.628212 0.453225
vt 0.551428 0.453225
vt 0.551428 0.376440
vt 0.628212 0.376440
vt 0.966996 0.339249
vt 0.983384 0.339249
vt 0.983384 0.348710
vt 0.966996 0.355636
vt 0.551902 0.356037
vt 0.542671 0.356037
vt 0.535914 0.339572
vt 0.535000 0.376440
vt 0.535000 0.366955
vt 0.551428 0.360012
vt 0.890401 0.339249
vt 0.890401 0.355637
vt 0.880940 0.355637
vt 0.874013 0.339249
vt 0.551428 0.469653
vt 0.541943 0.469653
vt 0.535000 0.453225
vt 0.761051 0.339307
vt 0.761051 0.348772
vt 0.777445 0.355700
vt 0.757610 0.337494
vt 0.757610 0.346778
vt 0.741529 0.353575
vt 0.854067 0.355700
vt 0.863532 0.355700
vt 0.870461 0.339307
vt 0.644640 0.453225
vt 0.644640 0.462710
vt 0.628212 0.469653
vt 0.666367 0.353575
vt 0.657083 0.353575
vt 0.650286 0.337494
vt 0.628212 0.360012
vt 0.637697 0.360012
vt 0.644640 0.376440
vt 0.642617 0.339572
vt 0.642617 0.349078
vt 0.626629 0.356037
vt 0.870461 0.153275
vt 0.870461 0.143810
vt 0.854067 0.136882
vt 0.741529 0.138927
vt 0.750813 0.138927
vt 0.757610 0.155008
vt 0.628230 0.022979
vt 0.637708 0.022979
vt 0.644646 0.039395
vt 0.650286 0.155008
vt 0.650286 0.145724
vt 0.666367 0.138927
vt 0.626629 0.136269
vt 0.635860 0.136269
vt 0.642617 0.152734
vt 0.644646 0.116121
vt 0.644646 0.125599
vt 0.628230 0.132537
vt 0.535915 0.152734
vt 0.535915 0.143228
vt 0.551903 0.136269
vt 0.966996 0.153284
vt 0.966996 0.136896
vt 0.976457 0.136896
vt 0.983383 0.153284
vt 0.551504 0.132537
vt 0.542026 0.132537
vt 0.535088 0.116121
vt 0.777445 0.136882
vt 0.767980 0.136882
vt 0.761051 0.153275
vt 0.535088 0.039395
vt 0.535088 0.029917
vt 0.551504 0.022979
vt 0.890401 0.153284
vt 0.874013 0.153284
vt 0.874013 0.143822
vt 0.890401 0.136896
vt 0.644096 0.152877
vt 0.644096 0.339527
vt 0.648796 0.337537
vt 0.648796 0.154869
s 1
usemtl LeftLeg
f 1223/1769/1187 1210/1770/1188 1188/1771/1189 1229/1772/1190
f 1236/1773/1191 1196/1774/1192 1202/1775/1193 1215/1776/1194
f 1216/1777/1195 1201/1778/1196 1208/1779/1197 1222/1780/1198
f 1217/1781/1199 1224/1782/1200 1231/1783/1201 1237/1784/1202
f 1203/1785/1203 1195/1786/1204 1189/1787/1205 1209/1788/1206
f 1187/1789/1207 1190/1790/1208 1191/1791/1209 1193/1792/1210
f 1188/1771/1189 1192/1793/1211 1191/1794/1209 1190/1795/1208
f 1189/1787/1205 1193/1796/1210 1191/1797/1209 1192/1798/1211
f 1194/1799/1212 1197/1800/1213 1198/1801/1214 1200/1802/1215
f 1195/1786/1204 1199/1803/1216 1198/1804/1214 1197/1805/1213
f 1196/1774/1192 1200/1806/1215 1198/1807/1214 1199/1808/1216
f 1201/1778/1196 1204/1809/1217 1205/1810/1218 1207/1811/1219
f 1202/1775/1193 1206/1812/1220 1205/1813/1218 1204/1814/1217
f 1203/1785/1203 1207/1815/1219 1205/1816/1218 1206/1817/1220
f 1208/1779/1197 1211/1818/1221 1212/1819/1222 1214/1820/1223
f 1209/1788/1206 1213/1821/1224 1212/1822/1222 1211/1823/1221
f 1210/1770/1188 1214/1824/1223 1212/1825/1222 1213/1826/1224
f 1215/1776/1194 1218/1827/1225 1219/1828/1226 1221/1829/1227
f 1216/1777/1195 1220/1830/1228 1219/1831/1226 1218/1832/1225
f 1217/1781/1199 1221/1833/1227 1219/1834/1226 1220/1835/1228
f 1222/1780/1198 1225/1836/1229 1226/1837/1230 1228/1838/1231
f 1223/1769/1187 1227/1839/1232 1226/1840/1230 1225/1841/1229
f 1224/1782/1200 1228/1842/1231 1226/1843/1230 1227/1844/1232
f 1229/1772/1190 1232/1845/1233 1233/1846/1234 1235/1847/1235
f 1230/1848/1236 1234/1849/1237 1233/1850/1234 1232/1851/1233
f 1231/1783/1201 1235/1852/1235 1233/1853/1234 1234/1854/1237
f 1236/1773/1191 1239/1855/1238 1240/1856/1239 1242/1857/1240
f 1237/1784/1202 1241/1858/1241 1240/1859/1239 1239/1860/1238
f 1238/1861/1242 1242/1862/1240 1240/1863/1239 1241/1864/1241
f 1189/1787/1205 1195/1786/1204 1197/1805/1213 1193/1796/1210
f 1193/1792/1210 1197/1800/1213 1194/1799/1212 1187/1789/1207
f 1203/1785/1203 1209/1788/1206 1211/1823/1221 1207/1815/1219
f 1207/1811/1219 1211/1818/1221 1208/1779/1197 1201/1778/1196
f 1195/1786/1204 1203/1785/1203 1206/1817/1220 1199/1803/1216
f 1199/1808/1216 1206/1812/1220 1202/1775/1193 1196/1774/1192
f 1188/1771/1189 1210/1770/1188 1213/1826/1224 1192/1793/1211
f 1192/1798/1211 1213/1821/1224 1209/1788/1206 1189/1787/1205
f 1217/1781/1199 1237/1784/1202 1239/1860/1238 1221/1833/1227
f 1221/1829/1227 1239/1855/1238 1236/1773/1191 1215/1776/1194
f 1216/1777/1195 1222/1780/1198 1228/1838/1231 1220/1830/1228
f 1220/1835/1228 1228/1842/1231 1224/1782/1200 1217/1781/1199
f 1223/1769/1187 1229/1772/1190 1235/1847/1235 1227/1839/1232
f 1227/1844/1232 1235/1852/1235 1231/1783/1201 1224/1782/1200
f 1230/1848/1236 1238/1861/1242 1241/1864/1241 1234/1849/1237
f 1234/1854/1237 1241/1858/1241 1237/1784/1202 1231/1783/1201
f 1210/1770/1188 1223/1769/1187 1225/1865/1229 1214/1866/1223
f 1214/1867/1223 1225/1868/1229 1222/1780/1198 1208/1779/1197
f 1187/1789/1207 1230/1848/1236 1232/1851/1233 1190/1790/1208
f 1190/1795/1208 1232/1845/1233 1229/1772/1190 1188/1771/1189
f 1201/1778/1196 1216/1777/1195 1218/1832/1225 1204/1809/1217
f 1204/1814/1217 1218/1827/1225 1215/1776/1194 1202/1775/1193
f 1196/1774/1192 1236/1773/1191 1242/1857/1240 1200/1806/1215
f 1200/1802/1215 1242/1862/1240 1238/1861/1242 1194/1799/1212
f 1230/1848/1236 1187/1789/1207 1194/1799/1212 1238/1861/1242
